"time","C_pro","P","PLT","treatment_day","arm"
0,0.0394620415268602,6.345027023202,248.397468750573,1,"placebo"
0.5,0.09232752936646,15.7199265145483,245.964099865072,1,"placebo"
1,0.184474873601713,35.8713166465112,240.29394380649,1,"placebo"
1.5,0.288714486859763,70.7087330059199,228.82315761938,1,"placebo"
2,0.354311611317968,116.159619163564,209.946335351102,1,"placebo"
2.5,0.375134824792166,162.174374096385,185.045795248604,1,"placebo"
3,0.374733058246063,201.568024317873,157.763963463123,1,"placebo"
3.5,0.367869554090796,232.285920021856,131.65670967124,1,"placebo"
4,0.359297093069886,254.948982517125,108.906120009065,1,"placebo"
4.5,0.350177263563358,270.910573448126,90.3198037176203,1,"placebo"
5,0.340771790137115,281.501246507928,75.8085647712236,1,"placebo"
5.5,0.331146601285191,287.837612014122,64.8458769648993,1,"placebo"
6,0.321327618876611,290.812896710486,56.7712784891311,1,"placebo"
6.5,0.311333360729419,291.131178905181,50.9515076283684,1,"placebo"
7,0.30118158512469,289.345461250136,46.8477863599398,1,"placebo"
7.5,0.290890504271354,285.890282959517,44.0312971450831,1,"placebo"
8,0.280478852776557,281.107835456141,42.1744606648768,1,"placebo"
8.5,0.269965722399772,275.268443062698,41.0335649576484,1,"placebo"
9,0.259370362436234,268.586513243024,40.4304295261352,1,"placebo"
9.5,0.248711990330198,261.232926845586,40.2363084757676,1,"placebo"
10,0.238009622193411,253.344651712217,40.3589508869803,1,"placebo"
10.5,0.227281924656214,245.03219642478,40.7327066333578,1,"placebo"
11,0.216547087412957,236.385385978495,41.3111895550577,1,"placebo"
11.5,0.205822715270169,227.477834729919,42.0619418711183,1,"placebo"
12,0.195125738324043,218.37040874056,42.9626019084215,1,"placebo"
12.5,0.184472338874747,209.113904742161,43.9981732313527,1,"placebo"
13,0.17387789381368,199.751122383468,45.1590884552877,1,"placebo"
13.5,0.163356930031868,190.318467079952,46.4398413801368,1,"placebo"
14,0.152923095171402,180.847190148556,47.8380238441548,1,"placebo"
14.5,0.142589135030451,171.364348097556,49.3536513666153,1,"placebo"
15,0.132366887158489,161.89355034732,50.9886921157217,1,"placebo"
15.5,0.122267277391563,152.455530799584,52.7467494057721,1,"placebo"
16,0.112300329164883,143.068605243857,54.6328442527681,1,"placebo"
16.5,0.102475179226681,133.749021621959,56.6532819698664,1,"placebo"
17,0.0928000954710585,124.511239998741,58.8155757134394,1,"placebo"
17.5,0.0832825124158993,115.368153417856,61.1284168676632,1,"placebo"
18,0.0739290593132509,106.331268514258,63.6016804665633,1,"placebo"
18.5,0.0647456092273892,97.4108535721717,66.2464606393574,1,"placebo"
19,0.0557373346513314,88.6160643604011,69.0751315854399,1,"placebo"
19.5,0.0469087888823153,79.9550562544235,72.1014312334804,1,"placebo"
20,0.0382640362949329,71.4350920549691,75.3405655794575,1,"placebo"
20.5,0.0298069060463582,63.0626612378154,78.8093321244248,1,"placebo"
21,0.0215416188205748,54.8436466333159,82.5262593357244,1,"placebo"
0,0.0394620415268602,6.345027023202,248.397468750573,2,"placebo"
0.5,0.09232752936646,15.7199265145483,245.964099865072,2,"placebo"
1,0.184474873601713,35.8713166465112,240.29394380649,2,"placebo"
1.5,0.288714486859763,70.7087330059199,228.82315761938,2,"placebo"
2,0.354311611317968,116.159619163564,209.946335351102,2,"placebo"
2.5,0.375134824792166,162.174374096385,185.045795248604,2,"placebo"
3,0.374733058246063,201.568024317873,157.763963463123,2,"placebo"
3.5,0.367869554090796,232.285920021856,131.65670967124,2,"placebo"
4,0.359297093069886,254.948982517125,108.906120009065,2,"placebo"
4.5,0.350177263563358,270.910573448126,90.3198037176203,2,"placebo"
5,0.340771790137115,281.501246507928,75.8085647712236,2,"placebo"
5.5,0.331146601285191,287.837612014122,64.8458769648993,2,"placebo"
6,0.321327618876611,290.812896710486,56.7712784891311,2,"placebo"
6.5,0.311333360729419,291.131178905181,50.9515076283684,2,"placebo"
7,0.30118158512469,289.345461250136,46.8477863599398,2,"placebo"
7.5,0.290890504271354,285.890282959517,44.0312971450831,2,"placebo"
8,0.280478852776557,281.107835456141,42.1744606648768,2,"placebo"
8.5,0.269965722399772,275.268443062698,41.0335649576484,2,"placebo"
9,0.259370362436234,268.586513243024,40.4304295261352,2,"placebo"
9.5,0.248711990330198,261.232926845586,40.2363084757676,2,"placebo"
10,0.238009622193411,253.344651712217,40.3589508869803,2,"placebo"
10.5,0.227281924656214,245.03219642478,40.7327066333578,2,"placebo"
11,0.216547087412957,236.385385978495,41.3111895550577,2,"placebo"
11.5,0.205822715270169,227.477834729919,42.0619418711183,2,"placebo"
12,0.195125738324043,218.37040874056,42.9626019084215,2,"placebo"
12.5,0.184472338874747,209.113904742161,43.9981732313527,2,"placebo"
13,0.17387789381368,199.751122383468,45.1590884552877,2,"placebo"
13.5,0.163356930031868,190.318467079952,46.4398413801368,2,"placebo"
14,0.152923095171402,180.847190148556,47.8380238441548,2,"placebo"
14.5,0.142589135030451,171.364348097556,49.3536513666153,2,"placebo"
15,0.132366887158489,161.89355034732,50.9886921157217,2,"placebo"
15.5,0.122267277391563,152.455530799584,52.7467494057721,2,"placebo"
16,0.112300329164883,143.068605243857,54.6328442527681,2,"placebo"
16.5,0.102475179226681,133.749021621959,56.6532819698664,2,"placebo"
17,0.0928000954710585,124.511239998741,58.8155757134394,2,"placebo"
17.5,0.0832825124158993,115.368153417856,61.1284168676632,2,"placebo"
18,0.0739290593132509,106.331268514258,63.6016804665633,2,"placebo"
18.5,0.0647456092273892,97.4108535721717,66.2464606393574,2,"placebo"
19,0.0557373346513314,88.6160643604011,69.0751315854399,2,"placebo"
19.5,0.0469087888823153,79.9550562544235,72.1014312334804,2,"placebo"
20,0.0382640362949329,71.4350920549691,75.3405655794575,2,"placebo"
20.5,0.0298069060463582,63.0626612378154,78.8093321244248,2,"placebo"
21,0.0215416188205748,54.8436466333159,82.5262593357244,2,"placebo"
0,0.0394620415268602,6.345027023202,248.397468750573,3,"placebo"
0.5,0.09232752936646,15.7199265145483,245.964099865072,3,"placebo"
1,0.184474873601713,35.8713166465112,240.29394380649,3,"placebo"
1.5,0.288714486859763,70.7087330059199,228.82315761938,3,"placebo"
2,0.354311611317968,116.159619163564,209.946335351102,3,"placebo"
2.5,0.375134824792166,162.174374096385,185.045795248604,3,"placebo"
3,0.374733058246063,201.568024317873,157.763963463123,3,"placebo"
3.5,0.367869554090796,232.285920021856,131.65670967124,3,"placebo"
4,0.359297093069886,254.948982517125,108.906120009065,3,"placebo"
4.5,0.350177263563358,270.910573448126,90.3198037176203,3,"placebo"
5,0.340771790137115,281.501246507928,75.8085647712236,3,"placebo"
5.5,0.331146601285191,287.837612014122,64.8458769648993,3,"placebo"
6,0.321327618876611,290.812896710486,56.7712784891311,3,"placebo"
6.5,0.311333360729419,291.131178905181,50.9515076283684,3,"placebo"
7,0.30118158512469,289.345461250136,46.8477863599398,3,"placebo"
7.5,0.290890504271354,285.890282959517,44.0312971450831,3,"placebo"
8,0.280478852776557,281.107835456141,42.1744606648768,3,"placebo"
8.5,0.269965722399772,275.268443062698,41.0335649576484,3,"placebo"
9,0.259370362436234,268.586513243024,40.4304295261352,3,"placebo"
9.5,0.248711990330198,261.232926845586,40.2363084757676,3,"placebo"
10,0.238009622193411,253.344651712217,40.3589508869803,3,"placebo"
10.5,0.227281924656214,245.03219642478,40.7327066333578,3,"placebo"
11,0.216547087412957,236.385385978495,41.3111895550577,3,"placebo"
11.5,0.205822715270169,227.477834729919,42.0619418711183,3,"placebo"
12,0.195125738324043,218.37040874056,42.9626019084215,3,"placebo"
12.5,0.184472338874747,209.113904742161,43.9981732313527,3,"placebo"
13,0.17387789381368,199.751122383468,45.1590884552877,3,"placebo"
13.5,0.163356930031868,190.318467079952,46.4398413801368,3,"placebo"
14,0.152923095171402,180.847190148556,47.8380238441548,3,"placebo"
14.5,0.142589135030451,171.364348097556,49.3536513666153,3,"placebo"
15,0.132366887158489,161.89355034732,50.9886921157217,3,"placebo"
15.5,0.122267277391563,152.455530799584,52.7467494057721,3,"placebo"
16,0.112300329164883,143.068605243857,54.6328442527681,3,"placebo"
16.5,0.102475179226681,133.749021621959,56.6532819698664,3,"placebo"
17,0.0928000954710585,124.511239998741,58.8155757134394,3,"placebo"
17.5,0.0832825124158993,115.368153417856,61.1284168676632,3,"placebo"
18,0.0739290593132509,106.331268514258,63.6016804665633,3,"placebo"
18.5,0.0647456092273892,97.4108535721717,66.2464606393574,3,"placebo"
19,0.0557373346513314,88.6160643604011,69.0751315854399,3,"placebo"
19.5,0.0469087888823153,79.9550562544235,72.1014312334804,3,"placebo"
20,0.0382640362949329,71.4350920549691,75.3405655794575,3,"placebo"
20.5,0.0298069060463582,63.0626612378154,78.8093321244248,3,"placebo"
21,0.0215416188205748,54.8436466333159,82.5262593357244,3,"placebo"
0,0.0394620415268602,6.345027023202,248.397468750573,4,"placebo"
0.5,0.09232752936646,15.7199265145483,245.964099865072,4,"placebo"
1,0.184474873601713,35.8713166465112,240.29394380649,4,"placebo"
1.5,0.288714486859763,70.7087330059199,228.82315761938,4,"placebo"
2,0.354311611317968,116.159619163564,209.946335351102,4,"placebo"
2.5,0.375134824792166,162.174374096385,185.045795248604,4,"placebo"
3,0.374733058246063,201.568024317873,157.763963463123,4,"placebo"
3.5,0.367869554090796,232.285920021856,131.65670967124,4,"placebo"
4,0.359297093069886,254.948982517125,108.906120009065,4,"placebo"
4.5,0.350177263563358,270.910573448126,90.3198037176203,4,"placebo"
5,0.340771790137115,281.501246507928,75.8085647712236,4,"placebo"
5.5,0.331146601285191,287.837612014122,64.8458769648993,4,"placebo"
6,0.321327618876611,290.812896710486,56.7712784891311,4,"placebo"
6.5,0.311333360729419,291.131178905181,50.9515076283684,4,"placebo"
7,0.30118158512469,289.345461250136,46.8477863599398,4,"placebo"
7.5,0.290890504271354,285.890282959517,44.0312971450831,4,"placebo"
8,0.280478852776557,281.107835456141,42.1744606648768,4,"placebo"
8.5,0.269965722399772,275.268443062698,41.0335649576484,4,"placebo"
9,0.259370362436234,268.586513243024,40.4304295261352,4,"placebo"
9.5,0.248711990330198,261.232926845586,40.2363084757676,4,"placebo"
10,0.238009622193411,253.344651712217,40.3589508869803,4,"placebo"
10.5,0.227281924656214,245.03219642478,40.7327066333578,4,"placebo"
11,0.216547087412957,236.385385978495,41.3111895550577,4,"placebo"
11.5,0.205822715270169,227.477834729919,42.0619418711183,4,"placebo"
12,0.195125738324043,218.37040874056,42.9626019084215,4,"placebo"
12.5,0.184472338874747,209.113904742161,43.9981732313527,4,"placebo"
13,0.17387789381368,199.751122383468,45.1590884552877,4,"placebo"
13.5,0.163356930031868,190.318467079952,46.4398413801368,4,"placebo"
14,0.152923095171402,180.847190148556,47.8380238441548,4,"placebo"
14.5,0.142589135030451,171.364348097556,49.3536513666153,4,"placebo"
15,0.132366887158489,161.89355034732,50.9886921157217,4,"placebo"
15.5,0.122267277391563,152.455530799584,52.7467494057721,4,"placebo"
16,0.112300329164883,143.068605243857,54.6328442527681,4,"placebo"
16.5,0.102475179226681,133.749021621959,56.6532819698664,4,"placebo"
17,0.0928000954710585,124.511239998741,58.8155757134394,4,"placebo"
17.5,0.0832825124158993,115.368153417856,61.1284168676632,4,"placebo"
18,0.0739290593132509,106.331268514258,63.6016804665633,4,"placebo"
18.5,0.0647456092273892,97.4108535721717,66.2464606393574,4,"placebo"
19,0.0557373346513314,88.6160643604011,69.0751315854399,4,"placebo"
19.5,0.0469087888823153,79.9550562544235,72.1014312334804,4,"placebo"
20,0.0382640362949329,71.4350920549691,75.3405655794575,4,"placebo"
20.5,0.0298069060463582,63.0626612378154,78.8093321244248,4,"placebo"
21,0.0215416188205748,54.8436466333159,82.5262593357244,4,"placebo"
0,0.0394620415268602,6.345027023202,248.397468750573,5,"placebo"
0.5,0.09232752936646,15.7199265145483,245.964099865072,5,"placebo"
1,0.184474873601713,35.8713166465112,240.29394380649,5,"placebo"
1.5,0.288714486859763,70.7087330059199,228.82315761938,5,"placebo"
2,0.354311611317968,116.159619163564,209.946335351102,5,"placebo"
2.5,0.375134824792166,162.174374096385,185.045795248604,5,"placebo"
3,0.374733058246063,201.568024317873,157.763963463123,5,"placebo"
3.5,0.367869554090796,232.285920021856,131.65670967124,5,"placebo"
4,0.359297093069886,254.948982517125,108.906120009065,5,"placebo"
4.5,0.350177263563358,270.910573448126,90.3198037176203,5,"placebo"
5,0.340771790137115,281.501246507928,75.8085647712236,5,"placebo"
5.5,0.331146601285191,287.837612014122,64.8458769648993,5,"placebo"
6,0.321327618876611,290.812896710486,56.7712784891311,5,"placebo"
6.5,0.311333360729419,291.131178905181,50.9515076283684,5,"placebo"
7,0.30118158512469,289.345461250136,46.8477863599398,5,"placebo"
7.5,0.290890504271354,285.890282959517,44.0312971450831,5,"placebo"
8,0.280478852776557,281.107835456141,42.1744606648768,5,"placebo"
8.5,0.269965722399772,275.268443062698,41.0335649576484,5,"placebo"
9,0.259370362436234,268.586513243024,40.4304295261352,5,"placebo"
9.5,0.248711990330198,261.232926845586,40.2363084757676,5,"placebo"
10,0.238009622193411,253.344651712217,40.3589508869803,5,"placebo"
10.5,0.227281924656214,245.03219642478,40.7327066333578,5,"placebo"
11,0.216547087412957,236.385385978495,41.3111895550577,5,"placebo"
11.5,0.205822715270169,227.477834729919,42.0619418711183,5,"placebo"
12,0.195125738324043,218.37040874056,42.9626019084215,5,"placebo"
12.5,0.184472338874747,209.113904742161,43.9981732313527,5,"placebo"
13,0.17387789381368,199.751122383468,45.1590884552877,5,"placebo"
13.5,0.163356930031868,190.318467079952,46.4398413801368,5,"placebo"
14,0.152923095171402,180.847190148556,47.8380238441548,5,"placebo"
14.5,0.142589135030451,171.364348097556,49.3536513666153,5,"placebo"
15,0.132366887158489,161.89355034732,50.9886921157217,5,"placebo"
15.5,0.122267277391563,152.455530799584,52.7467494057721,5,"placebo"
16,0.112300329164883,143.068605243857,54.6328442527681,5,"placebo"
16.5,0.102475179226681,133.749021621959,56.6532819698664,5,"placebo"
17,0.0928000954710585,124.511239998741,58.8155757134394,5,"placebo"
17.5,0.0832825124158993,115.368153417856,61.1284168676632,5,"placebo"
18,0.0739290593132509,106.331268514258,63.6016804665633,5,"placebo"
18.5,0.0647456092273892,97.4108535721717,66.2464606393574,5,"placebo"
19,0.0557373346513314,88.6160643604011,69.0751315854399,5,"placebo"
19.5,0.0469087888823153,79.9550562544235,72.1014312334804,5,"placebo"
20,0.0382640362949329,71.4350920549691,75.3405655794575,5,"placebo"
20.5,0.0298069060463582,63.0626612378154,78.8093321244248,5,"placebo"
21,0.0215416188205748,54.8436466333159,82.5262593357244,5,"placebo"
0,0.0394620415268602,6.345027023202,248.397468750573,6,"placebo"
0.5,0.09232752936646,15.7199265145483,245.964099865072,6,"placebo"
1,0.184474873601713,35.8713166465112,240.29394380649,6,"placebo"
1.5,0.288714486859763,70.7087330059199,228.82315761938,6,"placebo"
2,0.354311611317968,116.159619163564,209.946335351102,6,"placebo"
2.5,0.375134824792166,162.174374096385,185.045795248604,6,"placebo"
3,0.374733058246063,201.568024317873,157.763963463123,6,"placebo"
3.5,0.367869554090796,232.285920021856,131.65670967124,6,"placebo"
4,0.359297093069886,254.948982517125,108.906120009065,6,"placebo"
4.5,0.350177263563358,270.910573448126,90.3198037176203,6,"placebo"
5,0.340771790137115,281.501246507928,75.8085647712236,6,"placebo"
5.5,0.331146601285191,287.837612014122,64.8458769648993,6,"placebo"
6,0.321327618876611,290.812896710486,56.7712784891311,6,"placebo"
6.5,0.311333360729419,291.131178905181,50.9515076283684,6,"placebo"
7,0.30118158512469,289.345461250136,46.8477863599398,6,"placebo"
7.5,0.290890504271354,285.890282959517,44.0312971450831,6,"placebo"
8,0.280478852776557,281.107835456141,42.1744606648768,6,"placebo"
8.5,0.269965722399772,275.268443062698,41.0335649576484,6,"placebo"
9,0.259370362436234,268.586513243024,40.4304295261352,6,"placebo"
9.5,0.248711990330198,261.232926845586,40.2363084757676,6,"placebo"
10,0.238009622193411,253.344651712217,40.3589508869803,6,"placebo"
10.5,0.227281924656214,245.03219642478,40.7327066333578,6,"placebo"
11,0.216547087412957,236.385385978495,41.3111895550577,6,"placebo"
11.5,0.205822715270169,227.477834729919,42.0619418711183,6,"placebo"
12,0.195125738324043,218.37040874056,42.9626019084215,6,"placebo"
12.5,0.184472338874747,209.113904742161,43.9981732313527,6,"placebo"
13,0.17387789381368,199.751122383468,45.1590884552877,6,"placebo"
13.5,0.163356930031868,190.318467079952,46.4398413801368,6,"placebo"
14,0.152923095171402,180.847190148556,47.8380238441548,6,"placebo"
14.5,0.142589135030451,171.364348097556,49.3536513666153,6,"placebo"
15,0.132366887158489,161.89355034732,50.9886921157217,6,"placebo"
15.5,0.122267277391563,152.455530799584,52.7467494057721,6,"placebo"
16,0.112300329164883,143.068605243857,54.6328442527681,6,"placebo"
16.5,0.102475179226681,133.749021621959,56.6532819698664,6,"placebo"
17,0.0928000954710585,124.511239998741,58.8155757134394,6,"placebo"
17.5,0.0832825124158993,115.368153417856,61.1284168676632,6,"placebo"
18,0.0739290593132509,106.331268514258,63.6016804665633,6,"placebo"
18.5,0.0647456092273892,97.4108535721717,66.2464606393574,6,"placebo"
19,0.0557373346513314,88.6160643604011,69.0751315854399,6,"placebo"
19.5,0.0469087888823153,79.9550562544235,72.1014312334804,6,"placebo"
20,0.0382640362949329,71.4350920549691,75.3405655794575,6,"placebo"
20.5,0.0298069060463582,63.0626612378154,78.8093321244248,6,"placebo"
21,0.0215416188205748,54.8436466333159,82.5262593357244,6,"placebo"
0,0.0394620415268602,6.345027023202,248.397468750573,7,"placebo"
0.5,0.09232752936646,15.7199265145483,245.964099865072,7,"placebo"
1,0.184474873601713,35.8713166465112,240.29394380649,7,"placebo"
1.5,0.288714486859763,70.7087330059199,228.82315761938,7,"placebo"
2,0.354311611317968,116.159619163564,209.946335351102,7,"placebo"
2.5,0.375134824792166,162.174374096385,185.045795248604,7,"placebo"
3,0.374733058246063,201.568024317873,157.763963463123,7,"placebo"
3.5,0.367869554090796,232.285920021856,131.65670967124,7,"placebo"
4,0.359297093069886,254.948982517125,108.906120009065,7,"placebo"
4.5,0.350177263563358,270.910573448126,90.3198037176203,7,"placebo"
5,0.340771790137115,281.501246507928,75.8085647712236,7,"placebo"
5.5,0.331146601285191,287.837612014122,64.8458769648993,7,"placebo"
6,0.321327618876611,290.812896710486,56.7712784891311,7,"placebo"
6.5,0.311333360729419,291.131178905181,50.9515076283684,7,"placebo"
7,0.30118158512469,289.345461250136,46.8477863599398,7,"placebo"
7.5,0.290890504271354,285.890282959517,44.0312971450831,7,"placebo"
8,0.280478852776557,281.107835456141,42.1744606648768,7,"placebo"
8.5,0.269965722399772,275.268443062698,41.0335649576484,7,"placebo"
9,0.259370362436234,268.586513243024,40.4304295261352,7,"placebo"
9.5,0.248711990330198,261.232926845586,40.2363084757676,7,"placebo"
10,0.238009622193411,253.344651712217,40.3589508869803,7,"placebo"
10.5,0.227281924656214,245.03219642478,40.7327066333578,7,"placebo"
11,0.216547087412957,236.385385978495,41.3111895550577,7,"placebo"
11.5,0.205822715270169,227.477834729919,42.0619418711183,7,"placebo"
12,0.195125738324043,218.37040874056,42.9626019084215,7,"placebo"
12.5,0.184472338874747,209.113904742161,43.9981732313527,7,"placebo"
13,0.17387789381368,199.751122383468,45.1590884552877,7,"placebo"
13.5,0.163356930031868,190.318467079952,46.4398413801368,7,"placebo"
14,0.152923095171402,180.847190148556,47.8380238441548,7,"placebo"
14.5,0.142589135030451,171.364348097556,49.3536513666153,7,"placebo"
15,0.132366887158489,161.89355034732,50.9886921157217,7,"placebo"
15.5,0.122267277391563,152.455530799584,52.7467494057721,7,"placebo"
16,0.112300329164883,143.068605243857,54.6328442527681,7,"placebo"
16.5,0.102475179226681,133.749021621959,56.6532819698664,7,"placebo"
17,0.0928000954710585,124.511239998741,58.8155757134394,7,"placebo"
17.5,0.0832825124158993,115.368153417856,61.1284168676632,7,"placebo"
18,0.0739290593132509,106.331268514258,63.6016804665633,7,"placebo"
18.5,0.0647456092273892,97.4108535721717,66.2464606393574,7,"placebo"
19,0.0557373346513314,88.6160643604011,69.0751315854399,7,"placebo"
19.5,0.0469087888823153,79.9550562544235,72.1014312334804,7,"placebo"
20,0.0382640362949329,71.4350920549691,75.3405655794575,7,"placebo"
20.5,0.0298069060463582,63.0626612378154,78.8093321244248,7,"placebo"
21,0.0215416188205748,54.8436466333159,82.5262593357244,7,"placebo"
0,0.0394620415268602,6.345027023202,248.397468750573,1,"ribavirin"
0.5,0.09232752936646,15.7199265145483,245.964099865072,1,"ribavirin"
1,0.184474873601713,35.8713166465112,240.29394380649,1,"ribavirin"
1.5,0.043736961609763,52.6048723171741,230.298860415102,1,"ribavirin"
2,0.0365420781841802,61.1613912404094,218.744794642007,1,"ribavirin"
2.5,0.0373916336413312,68.0002004771341,206.853175938692,1,"ribavirin"
3,0.0382863060153895,74.158493596826,195.021395184691,1,"ribavirin"
3.5,0.0387196556722846,79.6254330704297,183.503215351236,1,"ribavirin"
4,0.0387248692154503,84.2581345266611,172.514311752972,1,"ribavirin"
4.5,0.0383911770538076,87.968558235436,162.231523236873,1,"ribavirin"
5,0.0378055784856907,90.7438755252718,152.782283727185,1,"ribavirin"
5.5,0.0370882674968631,92.6303279784281,144.241867775046,1,"ribavirin"
6,0.0363202513328256,93.7157993469818,136.637720243754,1,"ribavirin"
6.5,0.0354161864651918,94.0941525283902,129.959211942785,1,"ribavirin"
7,0.0344522942295416,93.8585236655848,124.169209166368,1,"ribavirin"
7.5,0.0334031410650254,93.098089435529,119.213543222322,1,"ribavirin"
8,0.0323317441519859,91.8948825505685,115.028592406937,1,"ribavirin"
8.5,0.0312045201254774,90.3217367859885,111.546984251312,1,"ribavirin"
9,0.0300743002328269,88.4421044555068,108.70166221978,1,"ribavirin"
9.5,0.0289052145405979,86.3102432565829,106.4285348081,1,"ribavirin"
10,0.027743666427551,83.9722983126577,104.668086943348,1,"ribavirin"
10.5,0.0265543748204146,81.4671070115286,103.366185207051,1,"ribavirin"
11,0.025378960799172,78.8274444019579,102.474372799675,1,"ribavirin"
11.5,0.0242082002725069,76.0812279552116,101.949781855213,1,"ribavirin"
12,0.0230792996664507,73.2561211232976,101.754630600821,1,"ribavirin"
12.5,0.0219537409226552,70.3732561392758,101.85572433525,1,"ribavirin"
13,0.0208307332707426,67.4482555027353,102.224377104653,1,"ribavirin"
13.5,0.0197117044421922,64.4939686842808,102.836026678804,1,"ribavirin"
14,0.0185980545774936,61.5213330223346,103.669754283851,1,"ribavirin"
14.5,0.0174910293490625,58.539771670403,104.707822801905,1,"ribavirin"
15,0.0163917244188254,55.5574501564975,105.935258885142,1,"ribavirin"
15.5,0.0153010946854035,52.5814695583748,107.339483352129,1,"ribavirin"
16,0.0142199612365193,49.6180194895901,108.909988132029,1,"ribavirin"
16.5,0.0131490204145323,46.6725009789377,110.638056216563,1,"ribavirin"
17,0.0120888460849517,43.7496256428593,112.516520443897,1,"ribavirin"
17.5,0.0110398962206639,40.8534960011708,114.539556863966,1,"ribavirin"
18,0.0100025171889989,37.9876708448849,116.702508549801,1,"ribavirin"
18.5,0.00897694804482514,35.155218773877,119.001736226899,1,"ribavirin"
19,0.00796332513374893,32.3587625368956,121.434492277092,1,"ribavirin"
19.5,0.00696168711389776,29.6005164483594,123.998814900774,1,"ribavirin"
20,0.00597198116594959,26.8823187967221,126.693440084851,1,"ribavirin"
20.5,0.00499407208182479,24.2056615385205,129.517728753752,1,"ribavirin"
21,0.00402775840688469,21.5717204342758,132.471606840425,1,"ribavirin"
0,0.0394620415268602,6.345027023202,248.397468750573,2,"ribavirin"
0.5,0.09232752936646,15.7199265145483,245.964099865072,2,"ribavirin"
1,0.184474873601713,35.8713166465112,240.29394380649,2,"ribavirin"
1.5,0.288714486859763,70.7087330059199,228.82315761938,2,"ribavirin"
2,0.354311611317968,116.159619163564,209.946335351102,2,"ribavirin"
2.5,0.0661792728395456,136.944158648806,186.78446450182,2,"ribavirin"
3,0.0441195412303848,135.702974949533,166.320355483682,2,"ribavirin"
3.5,0.0407005117857981,130.1484135927,149.930003895368,2,"ribavirin"
4,0.0389888998032118,124.291633283595,137.044928864549,2,"ribavirin"
4.5,0.0376003737758849,118.92456947274,126.931364256495,2,"ribavirin"
5,0.0363339153503315,114.108056798257,118.985417304899,2,"ribavirin"
5.5,0.035127119763504,109.75451487967,112.745309059317,2,"ribavirin"
6,0.0339516927166196,105.762252081426,107.861211704185,2,"ribavirin"
6.5,0.0328366187682621,102.045515787117,104.066456825849,2,"ribavirin"
7,0.0317970082529207,98.5426786242697,101.155353039825,2,"ribavirin"
7.5,0.030720044969411,95.1990669098537,98.9677580413462,2,"ribavirin"
8,0.02964733691318,91.9695795411733,97.3785061527218,2,"ribavirin"
8.5,0.0285404153334957,88.8199240877327,96.2891442151183,2,"ribavirin"
9,0.027442096286077,85.7250397183487,95.6217312903256,2,"ribavirin"
9.5,0.0263163799500122,82.6668817259054,95.3141973512976,2,"ribavirin"
10,0.0252028736120585,79.6329616180801,95.316882256402,2,"ribavirin"
10.5,0.0240681087459493,76.6148505629874,95.5898921181825,2,"ribavirin"
11,0.0229484983521658,73.6073657036072,96.1010931653631,2,"ribavirin"
11.5,0.0218132817425493,70.6076186439899,96.8245416108681,2,"ribavirin"
12,0.0206956521245706,67.614592543821,97.7392765629424,2,"ribavirin"
12.5,0.0195871522421627,64.6288739832879,98.8283502636449,2,"ribavirin"
13,0.0185170306715004,61.6553020597791,100.07789929254,2,"ribavirin"
13.5,0.0174534670578829,58.6969834122102,101.47646021202,2,"ribavirin"
14,0.016395528752488,55.7554424407625,103.014788763565,2,"ribavirin"
14.5,0.0153441558599099,52.8322684518338,104.685551523164,2,"ribavirin"
15,0.0143003065128808,49.9293393828394,106.483004251619,2,"ribavirin"
15.5,0.0132648387196786,47.0487607978132,108.402717984433,2,"ribavirin"
16,0.0122385039777533,44.1927663809949,110.441355739922,2,"ribavirin"
16.5,0.0112219485035406,41.3636294951479,112.596492433116,2,"ribavirin"
17,0.0102157149168137,38.5635926788678,114.866469913293,2,"ribavirin"
17.5,0.00922024464903217,35.7948133677717,117.250280314687,2,"ribavirin"
18,0.00823588081977938,33.0593230443429,119.747472351733,2,"ribavirin"
18.5,0.00726287167693182,30.3589972864364,122.358076174201,2,"ribavirin"
19,0.00630137555896214,27.6955348740741,125.082543369233,2,"ribavirin"
19.5,0.00535146671577112,25.0704448666087,127.921699331764,2,"ribavirin"
20,0.00441314704640373,22.4850416346362,130.876705637051,2,"ribavirin"
20.5,0.00348636852755266,19.9404499874646,133.949030199534,2,"ribavirin"
21,0.0025710904414997,17.4376283839911,137.140422550941,2,"ribavirin"
0,0.0394620415268602,6.345027023202,248.397468750573,3,"ribavirin"
0.5,0.09232752936646,15.7199265145483,245.964099865072,3,"ribavirin"
1,0.184474873601713,35.8713166465112,240.29394380649,3,"ribavirin"
1.5,0.288714486859763,70.7087330059199,228.82315761938,3,"ribavirin"
2,0.354311611317968,116.159619163564,209.946335351102,3,"ribavirin"
2.5,0.375134824792166,162.174374096385,185.045795248604,3,"ribavirin"
3,0.374733058246063,201.568024317873,157.763963463123,3,"ribavirin"
3.5,0.0666846182405815,207.377008294708,132.876632016883,3,"ribavirin"
4,0.0427578306638108,190.930877644096,114.589019760309,3,"ribavirin"
4.5,0.0389566391060464,172.542363862356,102.072104098191,3,"ribavirin"
5,0.037052593427704,156.356551833171,93.6560534422321,3,"ribavirin"
5.5,0.0355324724942371,142.793289629368,88.0732134685518,3,"ribavirin"
6,0.0341693595219855,131.502899048707,84.4650815961636,3,"ribavirin"
6.5,0.0328895926710355,122.044402326074,82.2560003277806,3,"ribavirin"
7,0.0316582245398832,114.029358219454,81.0547097528754,3,"ribavirin"
7.5,0.0304968549708394,107.143435564059,80.5905696219847,3,"ribavirin"
8,0.0294156098055724,101.143639923961,80.6730219211131,3,"ribavirin"
8.5,0.0283076350422408,95.8327333486176,81.1661123416754,3,"ribavirin"
9,0.0272100318171349,91.0536641377348,81.9723177823257,3,"ribavirin"
9.5,0.0260866557593347,86.6841871354484,83.0213926230756,3,"ribavirin"
10,0.0249761362102643,82.6301512475373,84.2626629565505,3,"ribavirin"
10.5,0.0238453210223355,78.819276068525,85.6596278076706,3,"ribavirin"
11,0.0227298861370354,75.1964901207019,87.1861500626287,3,"ribavirin"
11.5,0.0215994525090625,71.7199421742386,88.8237045325446,3,"ribavirin"
12,0.0204866130625136,68.3581885728316,90.5593935056007,3,"ribavirin"
12.5,0.019363794829276,65.0877048928056,92.3844763596509,3,"ribavirin"
13,0.0182604326413638,61.891221070042,94.2932984750616,3,"ribavirin"
13.5,0.0171688489685485,58.7564703906325,96.2824791229639,3,"ribavirin"
14,0.0161143592112491,55.6776987634463,98.3501678492669,3,"ribavirin"
14.5,0.0150687930550088,52.6497747484671,100.495526446297,3,"ribavirin"
15,0.014031249430318,49.6678683549426,102.718656280925,3,"ribavirin"
15.5,0.0130024748447108,46.7285305412912,105.02042415998,3,"ribavirin"
16,0.0119832254611928,43.8295955787562,107.402275448558,3,"ribavirin"
16.5,0.0109741633511331,40.9698963050169,109.866083300647,3,"ribavirin"
17,0.00997585121881341,38.1489970059451,112.414035752035,3,"ribavirin"
17.5,0.0089887537963537,35.3669758275296,115.048553412462,3,"ribavirin"
18,0.0080132408596007,32.6242545097435,117.772230920429,3,"ribavirin"
18.5,0.00704959072107267,29.9214671747745,120.587796375673,3,"ribavirin"
19,0.00609799454564181,27.259360523429,123.498084312456,3,"ribavirin"
19.5,0.00515856353977675,24.6387196073894,126.506018795477,3,"ribavirin"
20,0.0042313410263344,22.060315554263,129.614603895774,3,"ribavirin"
20.5,0.00331632750335907,19.5248747752387,132.826919082538,3,"ribavirin"
21,0.00241354639230758,17.0330767239061,136.146116656676,3,"ribavirin"
0,0.0394620415268602,6.345027023202,248.397468750573,4,"ribavirin"
0.5,0.09232752936646,15.7199265145483,245.964099865072,4,"ribavirin"
1,0.184474873601713,35.8713166465112,240.29394380649,4,"ribavirin"
1.5,0.288714486859763,70.7087330059199,228.82315761938,4,"ribavirin"
2,0.354311611317968,116.159619163564,209.946335351102,4,"ribavirin"
2.5,0.375134824792166,162.174374096385,185.045795248604,4,"ribavirin"
3,0.374733058246063,201.568024317873,157.763963463123,4,"ribavirin"
3.5,0.367869554090796,232.285920021856,131.65670967124,4,"ribavirin"
4,0.359297093069886,254.948982517125,108.906120009065,4,"ribavirin"
4.5,0.0636340705736079,247.181355087008,91.1084997103524,4,"ribavirin"
5,0.0405822575291362,220.632228005287,79.4706889163608,4,"ribavirin"
5.5,0.0368502510970228,194.474936953077,72.4886334215968,4,"ribavirin"
6,0.034942497172779,172.246660934312,68.5925303670293,4,"ribavirin"
6.5,0.0334063180074238,153.9634974271,66.7211744392468,4,"ribavirin"
7,0.0320240050966773,138.97883983914,66.1974398751439,4,"ribavirin"
7.5,0.0307249753268806,126.625085572137,66.5855930044059,4,"ribavirin"
8,0.0294757873826851,116.338639422454,67.59890195349,4,"ribavirin"
8.5,0.0282959443482479,107.669099564416,69.0445097097002,4,"ribavirin"
9,0.0271940987588471,100.267202911678,70.790226945405,4,"ribavirin"
9.5,0.026071020318707,93.8534577036493,72.7444455047416,4,"ribavirin"
10,0.024960935919787,88.2070069983408,74.8437865413521,4,"ribavirin"
10.5,0.0238307273742376,83.1559364464027,77.0447481712871,4,"ribavirin"
11,0.0227157685172511,78.5673565740484,79.3179887682286,4,"ribavirin"
11.5,0.0215859267108624,74.338756554708,81.6443292554923,4,"ribavirin"
12,0.0204735605958391,70.3914328149042,84.0119282796653,4,"ribavirin"
12.5,0.0193513031091688,66.6650483195958,86.4142301779652,4,"ribavirin"
13,0.0182483980733531,63.1136581802142,88.8484802920186,4,"ribavirin"
13.5,0.0171402647163574,59.7023503261988,91.3146197522521,4,"ribavirin"
14,0.0160529875764728,56.4048713687888,93.8144829966345,4,"ribavirin"
14.5,0.0149796408583703,53.2018161418709,96.3511903956164,4,"ribavirin"
15,0.0139420177064725,50.0813679004597,98.9285804442351,4,"ribavirin"
15.5,0.0129152782235171,47.0337024360164,101.550824342024,4,"ribavirin"
16,0.0118985647785555,44.0504031547294,104.222422412701,4,"ribavirin"
16.5,0.0108924595302949,41.1251557173527,106.948105944798,4,"ribavirin"
17,0.00989754455879274,38.2534613003371,109.732721700036,4,"ribavirin"
17.5,0.00891431187920567,35.432229845635,112.581142841495,4,"ribavirin"
18,0.00794316025455676,32.6594243261874,115.498208597516,4,"ribavirin"
18.5,0.00698439788926424,29.9337761210293,118.488686989252,4,"ribavirin"
19,0.00603824828818025,27.2545641293524,121.557254987676,4,"ribavirin"
19.5,0.00510485570047965,24.6214458255999,124.708491232246,4,"ribavirin"
20,0.00418429859386177,22.0343312741323,127.946877488373,4,"ribavirin"
20.5,0.00327661381554117,19.4932949551721,131.276805555164,4,"ribavirin"
21,0.00238186249208714,16.998529021801,134.702586144983,4,"ribavirin"
0,0.0394620415268602,6.345027023202,248.397468750573,5,"ribavirin"
0.5,0.09232752936646,15.7199265145483,245.964099865072,5,"ribavirin"
1,0.184474873601713,35.8713166465112,240.29394380649,5,"ribavirin"
1.5,0.288714486859763,70.7087330059199,228.82315761938,5,"ribavirin"
2,0.354311611317968,116.159619163564,209.946335351102,5,"ribavirin"
2.5,0.375134824792166,162.174374096385,185.045795248604,5,"ribavirin"
3,0.374733058246063,201.568024317873,157.763963463123,5,"ribavirin"
3.5,0.367869554090796,232.285920021856,131.65670967124,5,"ribavirin"
4,0.359297093069886,254.948982517125,108.906120009065,5,"ribavirin"
4.5,0.350177263563358,270.910573448126,90.3198037176203,5,"ribavirin"
5,0.340771790137115,281.501246507928,75.8085647712236,5,"ribavirin"
5.5,0.0602330369355444,265.384226260166,65.374175716109,5,"ribavirin"
6,0.0382754718008064,233.294922568452,59.2837620535457,5,"ribavirin"
6.5,0.0346474047921372,203.044443080927,56.3495590033525,5,"ribavirin"
7,0.0327528078927686,177.67087833296,55.4655724384383,5,"ribavirin"
7.5,0.0312136418598966,156.937731738637,55.9045590441144,5,"ribavirin"
8,0.0298234963112751,140.034785952891,57.2083014486314,5,"ribavirin"
8.5,0.0285155492251713,126.175421809201,59.0837048959304,5,"ribavirin"
9,0.0272581962540939,114.705686941326,61.3383614127287,5,"ribavirin"
9.5,0.0260689874668131,105.105446980391,63.8430287692229,5,"ribavirin"
10,0.0249552148032493,96.9709388547952,66.5093554921763,5,"ribavirin"
10.5,0.0238253985280992,89.9807862834473,69.276580970555,5,"ribavirin"
11,0.0227108834630741,83.8817850014258,72.1034577989018,5,"ribavirin"
11.5,0.0215815728737565,78.4768529148783,74.9627094775561,5,"ribavirin"
12,0.0204695791392043,73.6134388075029,77.8371660717729,5,"ribavirin"
12.5,0.0193477564964404,69.1736507017541,80.7169981645204,5,"ribavirin"
13,0.0182451595253217,65.0667092457953,83.5977161687227,5,"ribavirin"
13.5,0.0171373857088878,61.2227838436753,86.4786773509111,5,"ribavirin"
14,0.0160503665551562,57.5884253140405,89.3619819079969,5,"ribavirin"
14.5,0.0149624492578386,54.1227779145985,92.2516318867689,5,"ribavirin"
15,0.0138964295785367,50.7948417651522,95.1529120328024,5,"ribavirin"
15.5,0.0128461199663861,47.5813726109781,98.0719139524063,5,"ribavirin"
16,0.0118298895998852,44.4670718093665,101.01507884583,5,"ribavirin"
16.5,0.0108261541819472,41.4394330001487,103.988890509327,5,"ribavirin"
17,0.00983410118499596,38.4880188961152,106.999897093302,5,"ribavirin"
17.5,0.00885415726595573,35.6048740855271,110.054646334398,5,"ribavirin"
18,0.00788674187977092,32.7841268603625,113.159602819192,5,"ribavirin"
18.5,0.00693219092038773,30.0215212420329,116.321086580161,5,"ribavirin"
19,0.00599075642943778,27.3140189305699,119.545235358871,5,"ribavirin"
19.5,0.00506261329171899,24.6594855091041,122.837986066639,5,"ribavirin"
20,0.00414787123495917,22.0564499202493,126.205070176382,5,"ribavirin"
20.5,0.00324659970162751,19.5039268816353,129.652018437709,5,"ribavirin"
21,0.00235889282846137,17.0013003080466,133.184170270565,5,"ribavirin"
0,0.0394620415268602,6.345027023202,248.397468750573,6,"ribavirin"
0.5,0.09232752936646,15.7199265145483,245.964099865072,6,"ribavirin"
1,0.184474873601713,35.8713166465112,240.29394380649,6,"ribavirin"
1.5,0.288714486859763,70.7087330059199,228.82315761938,6,"ribavirin"
2,0.354311611317968,116.159619163564,209.946335351102,6,"ribavirin"
2.5,0.375134824792166,162.174374096385,185.045795248604,6,"ribavirin"
3,0.374733058246063,201.568024317873,157.763963463123,6,"ribavirin"
3.5,0.367869554090796,232.285920021856,131.65670967124,6,"ribavirin"
4,0.359297093069886,254.948982517125,108.906120009065,6,"ribavirin"
4.5,0.350177263563358,270.910573448126,90.3198037176203,6,"ribavirin"
5,0.340771790137115,281.501246507928,75.8085647712236,6,"ribavirin"
5.5,0.331146601285191,287.837612014122,64.8458769648993,6,"ribavirin"
6,0.321327618876611,290.812896710486,56.7712784891311,6,"ribavirin"
6.5,0.0566828226154995,270.007331362148,51.3366342254375,6,"ribavirin"
7,0.0358837668614628,235.310810927197,48.743015759553,6,"ribavirin"
7.5,0.0323739874319196,203.274058316818,48.2411229123372,6,"ribavirin"
8,0.0305023916362476,176.560775869362,49.1084724179079,6,"ribavirin"
8.5,0.02896927794531,154.789597138864,50.8625115424396,6,"ribavirin"
9,0.0275800164117357,137.073037365483,53.1950939163244,6,"ribavirin"
9.5,0.0262716534315792,122.573257067971,55.9063409115459,6,"ribavirin"
10,0.0250144412432734,110.598854829718,58.8631313516771,6,"ribavirin"
10.5,0.0238239420078296,100.601170810719,61.9748580022315,6,"ribavirin"
11,0.022706083947702,92.1540102509982,65.1789478879971,6,"ribavirin"
11.5,0.021577164660792,84.9190680962841,68.4322091923985,6,"ribavirin"
12,0.0204656025196468,78.630204372201,71.705584769577,6,"ribavirin"
12.5,0.0193442820888815,73.0802647688234,74.9804225818208,6,"ribavirin"
13,0.0182420394126774,68.10877220058,78.2457838894942,6,"ribavirin"
13.5,0.0171346683359675,63.5915777649074,81.4964458097649,6,"ribavirin"
14,0.0160479359707194,59.4329188550588,84.7314085798507,6,"ribavirin"
14.5,0.0149603453120593,55.5589857349815,87.9527432833008,6,"ribavirin"
15,0.0138945611876632,51.9131124062424,91.1647165951828,6,"ribavirin"
15.5,0.0128317952456095,48.4518349487675,94.3731058670839,6,"ribavirin"
16,0.0117916207659216,45.1420030289746,97.5846854356239,6,"ribavirin"
16.5,0.0107685745326426,41.9585566084746,100.806824648926,6,"ribavirin"
17,0.00977770544909512,38.8843044590588,104.047096888484,6,"ribavirin"
17.5,0.00880060986902608,35.9052981268211,107.313017698491,6,"ribavirin"
18,0.00783652575167544,33.0100477381965,110.612066473763,6,"ribavirin"
18.5,0.00688573709963867,30.1897179251544,113.951632472891,6,"ribavirin"
19,0.00594851725992377,27.4376672730757,117.338945495548,6,"ribavirin"
19.5,0.00502506819176729,24.7489561476883,120.781025451539,6,"ribavirin"
20,0.00411552809930971,22.1199387143419,124.284652878418,6,"ribavirin"
20.5,0.00321999588090634,19.5479490703174,127.856355742821,6,"ribavirin"
21,0.00233859545908116,17.031076722985,131.502406642849,6,"ribavirin"
0,0.0394620415268602,6.345027023202,248.397468750573,7,"ribavirin"
0.5,0.09232752936646,15.7199265145483,245.964099865072,7,"ribavirin"
1,0.184474873601713,35.8713166465112,240.29394380649,7,"ribavirin"
1.5,0.288714486859763,70.7087330059199,228.82315761938,7,"ribavirin"
2,0.354311611317968,116.159619163564,209.946335351102,7,"ribavirin"
2.5,0.375134824792166,162.174374096385,185.045795248604,7,"ribavirin"
3,0.374733058246063,201.568024317873,157.763963463123,7,"ribavirin"
3.5,0.367869554090796,232.285920021856,131.65670967124,7,"ribavirin"
4,0.359297093069886,254.948982517125,108.906120009065,7,"ribavirin"
4.5,0.350177263563358,270.910573448126,90.3198037176203,7,"ribavirin"
5,0.340771790137115,281.501246507928,75.8085647712236,7,"ribavirin"
5.5,0.331146601285191,287.837612014122,64.8458769648993,7,"ribavirin"
6,0.321327618876611,290.812896710486,56.7712784891311,7,"ribavirin"
6.5,0.311333360729419,291.131178905181,50.9515076283684,7,"ribavirin"
7,0.30118158512469,289.345461250136,46.8477863599398,7,"ribavirin"
7.5,0.0530150330041166,266.13936424787,44.3392658109531,7,"ribavirin"
8,0.0334252737372929,230.663073090207,43.738208027895,7,"ribavirin"
8.5,0.0300468518420153,198.277679462011,44.6041900437607,7,"ribavirin"
9,0.0282078242720677,171.351396451771,46.4534543890855,7,"ribavirin"
9.5,0.0266896081302436,149.425033565501,48.9493807814316,7,"ribavirin"
10,0.0253097142685793,131.587345176683,51.8709742363888,7,"ribavirin"
10.5,0.0240091349816994,116.991226483507,55.0713986672252,7,"ribavirin"
11,0.0227599911608797,104.94054877497,58.4506884585458,7,"ribavirin"
11.5,0.0215758436771079,94.8836019269697,61.9394935232938,7,"ribavirin"
12,0.0204612706612249,86.3915810239276,65.4891906700116,7,"ribavirin"
12.5,0.0193403319024221,79.1246711704163,69.0659186709994,7,"ribavirin"
13,0.018238504155678,72.8157875865858,72.6469422042082,7,"ribavirin"
13.5,0.0171316053075961,67.2570242384349,76.2179484611623,7,"ribavirin"
14,0.0160452090952921,62.2872249465372,79.7710180230596,7,"ribavirin"
14.5,0.0149579939375202,57.7816161827053,83.3030625791154,7,"ribavirin"
15,0.0138924799255475,53.6438327982694,86.814620065722,7,"ribavirin"
15.5,0.0128300156635946,49.7994922510867,90.3088965406354,7,"ribavirin"
16,0.0117900612273781,46.1913638498245,93.7910208450235,7,"ribavirin"
16.5,0.0107566254995797,42.7754405447687,97.2674487511979,7,"ribavirin"
17,0.00974614120228874,39.5180330045526,100.745508227927,7,"ribavirin"
17.5,0.00875386033233725,36.3935253882974,104.233038673635,7,"ribavirin"
18,0.00779162516696652,33.3838332557494,107.738042656956,7,"ribavirin"
18.5,0.00684413305874736,30.4743497719572,111.26845250792,7,"ribavirin"
19,0.00591068300838388,27.6531483107153,114.832138961118,7,"ribavirin"
19.5,0.00499143796938201,24.9110053265189,118.436856871283,7,"ribavirin"
20,0.00408655786049818,22.2409099762857,122.090179760889,7,"ribavirin"
20.5,0.00319616795043493,19.6375783003748,125.799451813909,7,"ribavirin"
21,0.00232041918722958,17.0970714199039,129.571757346091,7,"ribavirin"
0,0.0394620415268602,6.345027023202,248.397468750573,1,"favipiravir"
0.5,0.09232752936646,15.7199265145483,245.964099865072,1,"favipiravir"
1,0.184474873601713,35.8713166465112,240.29394380649,1,"favipiravir"
1.5,0.262145859027476,46.619648258943,230.718093418136,1,"favipiravir"
2,0.282670317867499,42.0225744769811,221.78660680242,1,"favipiravir"
2.5,0.285872713699719,35.4096728886821,214.930819845025,1,"favipiravir"
3,0.285284175823352,29.6966019862781,209.924741327069,1,"favipiravir"
3.5,0.284092241403,25.2248685102068,206.329302953808,1,"favipiravir"
4,0.282962998087634,21.8088429161545,203.77440509155,1,"favipiravir"
4.5,0.281968209939342,19.2078030899702,201.98428079472,1,"favipiravir"
5,0.2810548487459,17.2207965348797,200.758451468383,1,"favipiravir"
5.5,0.280159985554011,15.6951685639946,199.950949407944,1,"favipiravir"
6,0.279234682043646,14.5176142093817,199.454561168625,1,"favipiravir"
6.5,0.278244731016935,13.6040485004172,199.189782066223,1,"favipiravir"
7,0.277166750199608,12.891597942002,199.097181600822,1,"favipiravir"
7.5,0.275984464860397,12.3328155140661,199.132082152312,1,"favipiravir"
8,0.274686085651223,11.8915920280019,199.260788517394,1,"favipiravir"
8.5,0.273262655848982,11.540254918504,199.457867454587,1,"favipiravir"
9,0.271707069267638,11.2574812334656,199.704151544747,1,"favipiravir"
9.5,0.270013508720693,11.0267721732979,199.985253389803,1,"favipiravir"
10,0.268177134558416,10.8353214647708,200.290446772097,1,"favipiravir"
10.5,0.266193916350497,10.6731654648076,200.611816444541,1,"favipiravir"
11,0.264060543350721,10.5325386284611,200.943607528554,1,"favipiravir"
11.5,0.261774375917207,10.4073810992216,201.28172502529,1,"favipiravir"
12,0.259333416060793,10.2929604381855,201.623347290255,1,"favipiravir"
12.5,0.256736284792462,10.1855798356041,201.966626663366,1,"favipiravir"
13,0.253982199545855,10.0823523254609,202.310457130485,1,"favipiravir"
13.5,0.25107094825342,9.98102563660175,202.654293765166,1,"favipiravir"
14,0.248002858598416,9.87984603484661,202.998012307061,1,"favipiravir"
14.5,0.244778762102476,9.77745226598464,203.341799937957,1,"favipiravir"
15,0.241399953362624,9.67279277797379,203.686070363526,1,"favipiravir"
15.5,0.237868145111729,9.56506096931624,204.031397869985,1,"favipiravir"
16,0.23418541995471,9.45364440912369,204.37846622184,1,"favipiravir"
16.5,0.230873551929163,9.56359709167292,204.715089274782,1,"favipiravir"
17,0.230702739160455,10.5496332123703,204.934123197918,1,"favipiravir"
17.5,0.237773807403822,13.2949819851499,204.786312146666,1,"favipiravir"
18,0.257565144192212,19.3575531479186,203.805615932407,1,"favipiravir"
18.5,0.294939045016371,31.4475843875184,201.158068188416,1,"favipiravir"
19,0.345714636265722,53.1695905393635,195.51767765962,1,"favipiravir"
19.5,0.389086298754752,86.390896331202,185.35708133418,1,"favipiravir"
20,0.405580229009108,127.580939809177,170.016886194167,1,"favipiravir"
20.5,0.398819906390516,169.248848040054,150.6786226901,1,"favipiravir"
21,0.381847143294223,205.251336929207,129.870415381937,1,"favipiravir"
0,0.0394620415268602,6.345027023202,248.397468750573,2,"favipiravir"
0.5,0.09232752936646,15.7199265145483,245.964099865072,2,"favipiravir"
1,0.184474873601713,35.8713166465112,240.29394380649,2,"favipiravir"
1.5,0.288714486859763,70.7087330059199,228.82315761938,2,"favipiravir"
2,0.354311611317968,116.159619163564,209.946335351102,2,"favipiravir"
2.5,0.372129438212275,128.420094212257,187.275544639978,2,"favipiravir"
3,0.368933370602314,110.570325282077,169.465825985676,2,"favipiravir"
3.5,0.361670477327145,90.2691046401588,157.450108233156,2,"favipiravir"
4,0.353501962182228,73.1317444875235,149.794217725244,2,"favipiravir"
4.5,0.345012779757759,59.5785869794421,145.192381755846,2,"favipiravir"
5,0.336330687618427,49.0226258813167,142.721992870195,2,"favipiravir"
5.5,0.327488657209944,40.8090275194528,141.754214962639,2,"favipiravir"
6,0.318500268414502,34.3951598562651,141.856244334281,2,"favipiravir"
6.5,0.309377356833496,29.3608857835917,142.724140888379,2,"favipiravir"
7,0.300133784336321,25.3862112703125,144.140098213064,2,"favipiravir"
7.5,0.290785679349373,22.2276331816675,145.945359956611,2,"favipiravir"
8,0.281350887446213,19.6991902792813,148.022721769593,2,"favipiravir"
8.5,0.271848361493051,17.6582689767441,150.284915521823,2,"favipiravir"
9,0.262297653003723,15.9951124313631,152.666670464885,2,"favipiravir"
9.5,0.25271851224584,14.625033138219,155.119132944303,2,"favipiravir"
10,0.243130571696841,13.4825776889046,157.60584356891,2,"favipiravir"
10.5,0.233553087349468,12.5171121678048,160.099773949871,2,"favipiravir"
11,0.224004718795128,11.6894551584108,162.581105329026,2,"favipiravir"
11.5,0.214503334984001,10.9692935505901,165.035540557707,2,"favipiravir"
12,0.205065836852882,10.3331898350831,167.45300846888,2,"favipiravir"
12.5,0.195707990892636,9.76304022010147,169.82666258285,2,"favipiravir"
13,0.186444269687639,9.24487857415233,172.152104058848,2,"favipiravir"
13.5,0.17728769690094,8.76794688427711,174.426777568899,2,"favipiravir"
14,0.168249695373844,8.32397178253675,176.649501724268,2,"favipiravir"
14.5,0.159339938124727,7.90660077205456,178.820104879164,2,"favipiravir"
15,0.150566203159609,7.51096242318639,180.939143830727,2,"favipiravir"
15.5,0.141934234177458,7.13332292669419,183.007687917285,2,"favipiravir"
16,0.133447610449058,6.77081762591708,185.027154793902,2,"favipiravir"
16.5,0.125107630309377,6.42124096468646,186.999187067356,2,"favipiravir"
17,0.116913213731864,6.08288201960441,188.925561226593,2,"favipiravir"
17.5,0.10897766132021,5.86135187073918,190.802367127111,2,"favipiravir"
18,0.101938596348729,6.03851191849779,192.58504047997,2,"favipiravir"
18.5,0.0967964456231612,6.91973665016857,194.17610695872,2,"favipiravir"
19,0.0950387761660808,8.95121531733109,195.411565548208,2,"favipiravir"
19.5,0.0987095040404339,12.8057991926504,196.028747979366,2,"favipiravir"
20,0.109829894432877,19.3862653318274,195.631078282571,2,"favipiravir"
20.5,0.128690838704879,29.6327516539388,193.683150329982,2,"favipiravir"
21,0.15170698970194,43.9883727148359,189.598210693563,2,"favipiravir"
0,0.0394620415268602,6.345027023202,248.397468750573,3,"favipiravir"
0.5,0.09232752936646,15.7199265145483,245.964099865072,3,"favipiravir"
1,0.184474873601713,35.8713166465112,240.29394380649,3,"favipiravir"
1.5,0.288714486859763,70.7087330059199,228.82315761938,3,"favipiravir"
2,0.354311611317968,116.159619163564,209.946335351102,3,"favipiravir"
2.5,0.375134824792166,162.174374096385,185.045795248604,3,"favipiravir"
3,0.374733058246063,201.568024317873,157.763963463123,3,"favipiravir"
3.5,0.367735775634922,198.960686766811,133.220339835244,3,"favipiravir"
4,0.359046556172966,166.362139859954,116.683433268537,3,"favipiravir"
4.5,0.349910706525496,133.859479594997,106.921064892304,3,"favipiravir"
5,0.340522301130523,107.049080774962,101.731030708723,3,"favipiravir"
5.5,0.330923914595154,85.9135897144677,99.5576374402511,3,"favipiravir"
6,0.321135865847108,69.4314544256971,99.4075140600986,3,"favipiravir"
6.5,0.311175199904117,56.5885560545816,100.641915049523,3,"favipiravir"
7,0.301059117722086,46.5576570020987,102.836876717398,3,"favipiravir"
7.5,0.290805548241176,38.6957194710222,105.700949514811,3,"favipiravir"
8,0.280433077252695,32.5087217015176,109.027395540898,3,"favipiravir"
8.5,0.269960732899222,27.6174198752282,112.665835570867,3,"favipiravir"
9,0.259407757171078,23.7300164769502,116.504879404335,3,"favipiravir"
9.5,0.24879339693684,20.6213958180701,120.461076094765,3,"favipiravir"
10,0.238136721245824,18.1174975346556,124.471596556589,3,"favipiravir"
10.5,0.227456464290611,16.0835189131004,128.489188838859,3,"favipiravir"
11,0.216770891726924,14.4149500239206,132.478565970538,3,"favipiravir"
11.5,0.206097687912364,13.0307180222833,136.413731998286,3,"favipiravir"
12,0.195453861828409,11.8679170276446,140.275947822336,3,"favipiravir"
12.5,0.184855669662951,10.8777408925403,144.052151298294,3,"favipiravir"
13,0.17431855218867,10.0223353344862,147.733712140622,3,"favipiravir"
13.5,0.163857085179645,9.27235669449021,151.315441574586,3,"favipiravir"
14,0.153484941180922,8.60507603882717,154.794800753787,3,"favipiravir"
14.5,0.143214860996824,8.00290535895824,158.171267115021,3,"favipiravir"
15,0.133058633303597,7.45225114394687,161.445827754725,3,"favipiravir"
15.5,0.123027080828468,6.94262221670973,164.620575691241,3,"favipiravir"
16,0.113130051579242,6.46593524343932,167.698389739974,3,"favipiravir"
16.5,0.103376413670864,6.01597402115864,170.682682376805,3,"favipiravir"
17,0.0937740524051018,5.58796844670138,173.577202808561,3,"favipiravir"
17.5,0.0843298684731632,5.17826665511661,176.385884749682,3,"favipiravir"
18,0.0750497765880932,4.78407969972818,179.112730268762,3,"favipiravir"
18.5,0.0659442301876779,4.46837764754789,181.758363135069,3,"favipiravir"
19,0.057047410764394,4.38357993079073,184.300708097747,3,"favipiravir"
19.5,0.048407018469876,4.64173466860377,186.693957022302,3,"favipiravir"
20,0.0400820891813175,5.32496799524687,188.874674690693,3,"favipiravir"
20.5,0.0321296004903407,6.42249337942434,190.772484694429,3,"favipiravir"
21,0.0245638189170866,7.72658357251732,192.338206334788,3,"favipiravir"
0,0.0394620415268602,6.345027023202,248.397468750573,4,"favipiravir"
0.5,0.09232752936646,15.7199265145483,245.964099865072,4,"favipiravir"
1,0.184474873601713,35.8713166465112,240.29394380649,4,"favipiravir"
1.5,0.288714486859763,70.7087330059199,228.82315761938,4,"favipiravir"
2,0.354311611317968,116.159619163564,209.946335351102,4,"favipiravir"
2.5,0.375134824792166,162.174374096385,185.045795248604,4,"favipiravir"
3,0.374733058246063,201.568024317873,157.763963463123,4,"favipiravir"
3.5,0.367869554090796,232.285920021856,131.65670967124,4,"favipiravir"
4,0.359297093069886,254.948982517125,108.906120009065,4,"favipiravir"
4.5,0.350171148435509,239.16552276868,91.3309808570019,4,"favipiravir"
5,0.340759986521492,197.269953860818,80.8199035778927,4,"favipiravir"
5.5,0.331133788914782,157.753022986892,75.6293562033759,4,"favipiravir"
6,0.321315480263674,125.521190731679,73.8877546244891,4,"favipiravir"
6.5,0.311322427889184,100.163291220755,74.3793499980359,4,"favipiravir"
7,0.301172079532388,80.3852274349154,76.3552921943883,4,"favipiravir"
7.5,0.290882557943006,64.9682313264067,79.3418883210883,4,"favipiravir"
8,0.280472564517598,52.9269569358531,83.0256690457252,4,"favipiravir"
8.5,0.269961175508778,43.4950826296968,87.1894999381905,4,"favipiravir"
9,0.259367632557469,36.0822177195465,91.6769421070048,4,"favipiravir"
9.5,0.248711149875783,30.2337769198491,96.3718271231663,4,"favipiravir"
10,0.238010743051262,25.5990935001851,101.186103910728,4,"favipiravir"
10.5,0.227285079861812,21.9070839813826,106.052273858824,4,"favipiravir"
11,0.216552352154104,18.9478143222001,110.918434220894,4,"favipiravir"
11.5,0.205830167438595,16.5584967812155,115.744848979282,4,"favipiravir"
12,0.1951354587455,14.6127953764349,120.501448402269,4,"favipiravir"
12.5,0.184484411273291,13.0126160202248,125.165920689925,4,"favipiravir"
13,0.173892404384514,11.6817777817295,129.722203138198,4,"favipiravir"
13.5,0.16337396754479,10.561119046062,134.159259828033,4,"favipiravir"
14,0.152942748855031,9.60470477630725,138.470076919472,4,"favipiravir"
14.5,0.142611494893201,8.77688253313739,142.650831093464,4,"favipiravir"
15,0.132392040661933,8.04999485846977,146.70020036031,4,"favipiravir"
15.5,0.122295308535302,7.40260040221341,150.618794260324,4,"favipiravir"
16,0.11233131521977,6.81809000214354,154.408685146169,4,"favipiravir"
16.5,0.102509185905767,6.28360971882366,158.073025248821,4,"favipiravir"
17,0.0928371750184572,5.78922261917344,161.615736386478,4,"favipiravir"
17.5,0.0833226933423978,5.32725636102237,165.041260887241,4,"favipiravir"
18,0.0739723419322404,4.89179543502005,168.354363761176,4,"favipiravir"
18.5,0.0647919544429128,4.47828607594858,171.559977463943,4,"favipiravir"
19,0.0557866520838916,4.08322897563222,174.663081776363,4,"favipiravir"
19.5,0.0469611399169833,3.75052620255162,177.666250690178,4,"favipiravir"
20,0.0383205489026508,3.57968164967281,180.556600557045,4,"favipiravir"
20.5,0.0298701066856662,3.61887366892532,183.307794217583,4,"favipiravir"
21,0.0216153634385747,3.8593176457447,185.889346928618,4,"favipiravir"
0,0.0394620415268602,6.345027023202,248.397468750573,5,"favipiravir"
0.5,0.09232752936646,15.7199265145483,245.964099865072,5,"favipiravir"
1,0.184474873601713,35.8713166465112,240.29394380649,5,"favipiravir"
1.5,0.288714486859763,70.7087330059199,228.82315761938,5,"favipiravir"
2,0.354311611317968,116.159619163564,209.946335351102,5,"favipiravir"
2.5,0.375134824792166,162.174374096385,185.045795248604,5,"favipiravir"
3,0.374733058246063,201.568024317873,157.763963463123,5,"favipiravir"
3.5,0.367869554090796,232.285920021856,131.65670967124,5,"favipiravir"
4,0.359297093069886,254.948982517125,108.906120009065,5,"favipiravir"
4.5,0.350177263563358,270.910573448126,90.3198037176203,5,"favipiravir"
5,0.340771790137115,281.501246507928,75.8085647712236,5,"favipiravir"
5.5,0.331146275078117,257.801204805894,65.5234918214596,5,"favipiravir"
6,0.321326965137495,211.222417778006,60.2092155488742,5,"favipiravir"
6.5,0.311332634009296,168.401481271581,58.558300960956,5,"favipiravir"
7,0.301180886630841,133.66392780036,59.2862370722674,5,"favipiravir"
7.5,0.290889868515724,106.360349079413,61.5694339571452,5,"favipiravir"
8,0.280478294036345,85.0611309141511,64.8995183308342,5,"favipiravir"
8.5,0.269965248590877,68.4530776680848,68.9508596941349,5,"favipiravir"
9,0.259369979101718,55.4793076938115,73.5032283905827,5,"favipiravir"
9.5,0.248711701965513,45.3177619878453,78.3996012306089,5,"favipiravir"
10,0.238009432800692,37.3342871532474,83.5230648682228,5,"favipiravir"
10.5,0.227281838025511,31.0399097830381,88.7838350485364,5,"favipiravir"
11,0.216547107280105,26.0569744665459,94.111663828903,5,"favipiravir"
11.5,0.205822845402778,22.0932488760067,99.4511546861022,5,"favipiravir"
12,0.195125982570101,18.9222478508206,104.758673611919,5,"favipiravir"
12.5,0.1844727011837,16.3682426647718,110.000157440391,5,"favipiravir"
13,0.173878378095588,14.2947845666114,115.14944656311,5,"favipiravir"
13.5,0.16335754079516,12.5958784378866,120.186943638849,5,"favipiravir"
14,0.152923836229675,11.1891697006717,125.098493063803,5,"favipiravir"
14.5,0.142590010994189,10.0106709448965,129.874425039905,5,"favipiravir"
15,0.132367901706971,9.01067239098273,134.508733233677,5,"favipiravir"
15.5,0.122268434485437,8.15056615335275,138.998367365697,5,"favipiravir"
16,0.112301632562776,7.40037785849111,143.342627760321,5,"favipiravir"
16.5,0.10247663125168,6.73684689786602,147.542651296379,5,"favipiravir"
17,0.092801699700218,6.14193279748844,151.60097914719,5,"favipiravir"
17.5,0.0832842692595647,5.60165286400726,155.521197115094,5,"favipiravir"
18,0.0739309689322455,5.10517755183927,159.307639693116,5,"favipiravir"
18.5,0.0647476696077214,4.64412643369418,162.965149400809,5,"favipiravir"
19,0.0557395413906804,4.21202039508482,166.498883484021,5,"favipiravir"
19.5,0.0469111343591395,3.80385558162549,169.914160717066,5,"favipiravir"
20,0.0382665088114956,3.41577239033184,173.216341752381,5,"favipiravir"
20.5,0.0298094974823608,3.07465756431418,176.409219539324,5,"favipiravir"
21,0.0215443571063084,2.83295963739068,179.487302426664,5,"favipiravir"
0,0.0394620415268602,6.345027023202,248.397468750573,6,"favipiravir"
0.5,0.09232752936646,15.7199265145483,245.964099865072,6,"favipiravir"
1,0.184474873601713,35.8713166465112,240.29394380649,6,"favipiravir"
1.5,0.288714486859763,70.7087330059199,228.82315761938,6,"favipiravir"
2,0.354311611317968,116.159619163564,209.946335351102,6,"favipiravir"
2.5,0.375134824792166,162.174374096385,185.045795248604,6,"favipiravir"
3,0.374733058246063,201.568024317873,157.763963463123,6,"favipiravir"
3.5,0.367869554090796,232.285920021856,131.65670967124,6,"favipiravir"
4,0.359297093069886,254.948982517125,108.906120009065,6,"favipiravir"
4.5,0.350177263563358,270.910573448126,90.3198037176203,6,"favipiravir"
5,0.340771790137115,281.501246507928,75.8085647712236,6,"favipiravir"
5.5,0.331146601285191,287.837612014122,64.8458769648993,6,"favipiravir"
6,0.321327618876611,290.812896710486,56.7712784891311,6,"favipiravir"
6.5,0.311333340090925,262.875184864759,51.4456943645785,6,"favipiravir"
7,0.30118154205854,214.57895455722,49.440812254794,6,"favipiravir"
7.5,0.290890455110249,170.78694372962,49.9560954708349,6,"favipiravir"
8,0.280478804718781,135.365798704319,52.1526264990507,6,"favipiravir"
8.5,0.269965678099078,107.536955942893,55.4774458544229,6,"favipiravir"
9,0.259370323004385,85.8233977914688,59.580096330226,6,"favipiravir"
9.5,0.248711956351449,68.8867915130655,64.2290176264971,6,"favipiravir"
10,0.238009594049993,55.652795655109,69.2618438131511,6,"favipiravir"
10.5,0.227281902643208,45.2857265853831,74.5582532595262,6,"favipiravir"
11,0.216547071786198,37.1404480945325,80.0252223977048,6,"favipiravir"
11.5,0.205822706265247,30.7191131504864,85.5888406172004,6,"favipiravir"
12,0.195125736168517,25.636938532778,91.189573485481,6,"favipiravir"
12.5,0.184472343795005,21.5960042500523,96.7793381057682,6,"favipiravir"
13,0.173877905897361,18.3653108438324,102.31953287739,6,"favipiravir"
13.5,0.163356949884565,15.7655598508399,107.779575653699,6,"favipiravir"
14,0.152923122658361,13.6574859223818,113.135723006879,6,"favipiravir"
14.5,0.142589170820972,11.9328736381268,118.370058881388,6,"favipiravir"
15,0.132366931071504,10.5076178814315,123.469600695075,6,"favipiravir"
15.5,0.122267329707329,9.31634952107641,128.425500482032,6,"favipiravir"
16,0.112300390271914,8.30826597914425,133.232332032115,6,"favipiravir"
16.5,0.102475248557041,7.44389261988536,137.887459992069,6,"favipiravir"
17,0.0928001744062507,6.69256509239639,142.390487886819,6,"favipiravir"
17.5,0.0832826001413117,6.03047108761608,146.742781346865,6,"favipiravir"
18,0.0739291560831705,5.43912671271431,150.947061704118,6,"favipiravir"
18.5,0.064745714877584,4.90419082943363,155.007064117176,6,"favipiravir"
19,0.0557374489356338,4.4145423812077,158.92725372722,6,"favipiravir"
19.5,0.0469089113334599,3.96156251169731,162.712593061822,6,"favipiravir"
20,0.0382641662437485,3.53857634114239,166.368353940795,6,"favipiravir"
20.5,0.0298070424791713,3.14041958891056,169.899967397945,6,"favipiravir"
21,0.0215417601564695,2.76310385951499,173.312905476609,6,"favipiravir"
0,0.0394620415268602,6.345027023202,248.397468750573,7,"favipiravir"
0.5,0.09232752936646,15.7199265145483,245.964099865072,7,"favipiravir"
1,0.184474873601713,35.8713166465112,240.29394380649,7,"favipiravir"
1.5,0.288714486859763,70.7087330059199,228.82315761938,7,"favipiravir"
2,0.354311611317968,116.159619163564,209.946335351102,7,"favipiravir"
2.5,0.375134824792166,162.174374096385,185.045795248604,7,"favipiravir"
3,0.374733058246063,201.568024317873,157.763963463123,7,"favipiravir"
3.5,0.367869554090796,232.285920021856,131.65670967124,7,"favipiravir"
4,0.359297093069886,254.948982517125,108.906120009065,7,"favipiravir"
4.5,0.350177263563358,270.910573448126,90.3198037176203,7,"favipiravir"
5,0.340771790137115,281.501246507928,75.8085647712236,7,"favipiravir"
5.5,0.331146601285191,287.837612014122,64.8458769648993,7,"favipiravir"
6,0.321327618876611,290.812896710486,56.7712784891311,7,"favipiravir"
6.5,0.311333360729419,291.131178905181,50.9515076283684,7,"favipiravir"
7,0.30118158512469,289.345461250136,46.8477863599398,7,"favipiravir"
7.5,0.290890502703105,259.472649018604,44.4265877408735,7,"favipiravir"
8,0.280478849344768,211.312559587823,44.3133933649969,7,"favipiravir"
8.5,0.269965718338657,168.007135248362,46.0520941509281,7,"favipiravir"
9,0.259370358352587,133.040917939938,49.0733339086175,7,"favipiravir"
9.5,0.248711986468781,105.574470409007,52.9819160234999,7,"favipiravir"
10,0.238009618662151,84.1384446608959,57.517413566204,7,"favipiravir"
10.5,0.227281921512121,67.4126483130937,62.5010694561789,7,"favipiravir"
11,0.216547084693425,54.3390392960938,67.8026715025546,7,"favipiravir"
11.5,0.20582271300127,44.0945917443925,73.32220474709,7,"favipiravir"
12,0.195125736526202,36.0436402352884,78.9798913872434,7,"favipiravir"
12.5,0.184472337565997,29.6953823653354,84.7107008210163,7,"favipiravir"
13,0.173877892870562,24.6702972842974,90.4611867842353,7,"favipiravir"
13.5,0.163356929846159,20.674422502897,96.1875145162539,7,"favipiravir"
14,0.152923095393143,17.4797531999579,101.854085310809,7,"favipiravir"
14.5,0.14258913611491,14.9092673799742,107.432457912974,7,"favipiravir"
15,0.132366888715621,12.8254350008234,112.900421818344,7,"favipiravir"
15.5,0.122267279503079,11.1213647013059,118.241158744316,7,"favipiravir"
16,0.11230033203834,9.71396087529711,123.44246906724,7,"favipiravir"
16.5,0.102475182140133,8.53862220354284,128.496058475913,7,"favipiravir"
17,0.0928000996909423,7.54512764201573,133.396886921271,7,"favipiravir"
17.5,0.0832825170667908,6.69444029548631,138.142583012664,7,"favipiravir"
18,0.0739290646622275,5.95622252649955,142.732925575487,7,"favipiravir"
18.5,0.0647456152209841,5.30690311520622,147.169391880108,7,"favipiravir"
19,0.0557373412827461,4.7281734374188,151.454769938754,7,"favipiravir"
19.5,0.0469087960907529,4.20581737304803,155.592830607757,7,"favipiravir"
20,0.0382640440335119,3.72880110104417,159.588054117127,7,"favipiravir"
20.5,0.0298069142025896,3.28856570110138,163.445405021923,7,"favipiravir"
21,0.0215416270814697,2.87847908439922,167.1701492808,7,"favipiravir"
0,0.0394620415268602,6.345027023202,248.397468750573,1,"combination"
0.5,0.09232752936646,15.7199265145483,245.964099865072,1,"combination"
1,0.184474873601713,35.8713166465112,240.29394380649,1,"combination"
1.5,0.0424996642107764,44.8905717069866,230.921981290143,1,"combination"
2,0.0325104610780121,39.2023236691071,222.476301124454,1,"combination"
2.5,0.0307493090614038,31.880629299891,216.232121387865,1,"combination"
3,0.029663552138704,25.5578432439018,211.912427531849,1,"combination"
3.5,0.0287615932139677,20.5171804697497,209.066483875827,1,"combination"
4,0.0279665105436466,16.5784894032978,207.317046958969,1,"combination"
4.5,0.0272372492176766,13.5133841827752,206.378968444178,1,"combination"
5,0.0265471722336853,11.1266671789717,206.040552615258,1,"combination"
5.5,0.0259136518129172,9.26447072716537,206.144274936094,1,"combination"
6,0.0253451785427288,7.80808572600537,206.572118988933,1,"combination"
6.5,0.0247489649802958,6.66586923388849,207.235115581726,1,"combination"
7,0.0241551826393954,5.76703511730967,208.065931198558,1,"combination"
7.5,0.0235297402227549,5.05685091820004,209.013497852901,1,"combination"
8,0.022905427398392,4.4929314118186,210.039078396226,1,"combination"
8.5,0.0222501436027745,4.04239556163921,211.113343675182,1,"combination"
9,0.0215953925325142,3.6797125838075,212.214179242863,1,"combination"
9.5,0.0209108753931818,3.38503656231957,213.325019291982,1,"combination"
10,0.0202266110719346,3.14293979667583,214.433574728236,1,"combination"
10.5,0.0195142046541558,2.94142054650655,215.530852566535,1,"combination"
11,0.0188020485275343,2.77114883352883,216.61040009793,1,"combination"
11.5,0.0180818363633245,2.62488092419725,217.667716576373,1,"combination"
12,0.0173803930223393,2.49711051931227,218.699783480739,1,"combination"
12.5,0.0166681928847769,2.38351181602088,219.704701681174,1,"combination"
13,0.0159438065271077,2.28066993116011,220.681438462246,1,"combination"
13.5,0.0152076120258647,2.18592733788022,221.629619557652,1,"combination"
14,0.0144601171773996,2.09722751115747,222.549362035391,1,"combination"
14.5,0.013701845729441,2.01298494036664,223.441143336448,1,"combination"
15,0.012933321569144,1.93198191561296,224.305699535597,1,"combination"
15.5,0.0121550589262429,1.85328752744115,225.143946690392,1,"combination"
16,0.0113675532276412,1.77619426696725,225.956920321983,1,"combination"
16.5,0.0105811596121409,1.72750223066947,226.743976627028,1,"combination"
17,0.00984724594239272,1.77855178548184,227.492245198004,1,"combination"
17.5,0.00923661860032765,2.00422209954699,228.173459541565,1,"combination"
18,0.00884686333312388,2.50760204168719,228.741067276554,1,"combination"
18.5,0.00881319910807417,3.42882618330332,229.123377196641,1,"combination"
19,0.00929738365583613,4.92905865561124,229.218152596835,1,"combination"
19.5,0.0104508095578939,7.15983909123079,228.893826217979,1,"combination"
20,0.0123697072774632,10.2445281184666,227.997856678092,1,"combination"
20.5,0.0150626768785415,14.2778888734273,226.36816986603,1,"combination"
21,0.0184294382349205,19.3183755042051,223.846228103545,1,"combination"
0,0.0394620415268602,6.345027023202,248.397468750573,2,"combination"
0.5,0.09232752936646,15.7199265145483,245.964099865072,2,"combination"
1,0.184474873601713,35.8713166465112,240.29394380649,2,"combination"
1.5,0.288714486859763,70.7087330059199,228.82315761938,2,"combination"
2,0.354311611317968,116.159619163564,209.946335351102,2,"combination"
2.5,0.0660257492910903,125.723252456624,187.537536341608,2,"combination"
3,0.0437254620021646,106.407138271212,170.26582938097,2,"combination"
3.5,0.0401294080779568,85.2942303429319,158.840327689364,2,"combination"
4,0.0383027111604983,67.522466458572,151.78474619696,2,"combination"
4.5,0.0368480707105091,53.4088540715888,147.798992162953,2,"combination"
5,0.0355515579413957,42.3681229436816,145.967116522501,2,"combination"
5.5,0.0343404666262138,33.760308199907,145.661110723682,2,"combination"
6,0.033179136545749,27.049002421778,146.444423654672,2,"combination"
6.5,0.0320905480910195,21.8106883453996,148.006839365281,2,"combination"
7,0.0310860086656135,17.7162989700827,150.123223241897,2,"combination"
7.5,0.0300530201873346,14.5105174590622,152.627358143133,2,"combination"
8,0.0290307973208943,11.9952923353491,155.394989310521,2,"combination"
8.5,0.0279806875900255,10.0169420251995,158.33246404826,2,"combination"
9,0.0269439870257354,8.45613839077259,161.368897821607,2,"combination"
9.5,0.0258849013073312,7.22016142786505,164.45061601784,2,"combination"
10,0.0248420389849409,6.2369427771481,167.537111510498,2,"combination"
10.5,0.0237821603417098,5.4504441606959,170.598035741439,2,"combination"
11,0.0227409850749953,4.8170946228121,173.610921420381,2,"combination"
11.5,0.0216877992207717,4.30301014386391,176.559430940425,2,"combination"
12,0.0206552967031543,3.88184932902851,179.431997997955,2,"combination"
12.5,0.0196348250068822,3.53314523995828,182.220762684729,2,"combination"
13,0.0186555403855677,3.24112110702123,184.920722752838,2,"combination"
13.5,0.0176853032061971,2.99345708921595,187.529066997052,2,"combination"
14,0.0167226866944977,2.78051308164774,190.044676287595,2,"combination"
14.5,0.0157680335211987,2.59478408986302,192.467719787834,2,"combination"
15,0.0148216079216133,2.43043522622406,194.799331978651,2,"combination"
15.5,0.0138834818059471,2.28293058111521,197.041357934793,2,"combination"
16,0.0129535356585625,2.14874232936367,199.196153835433,2,"combination"
16.5,0.0120314710242413,2.02512397535009,201.26643162841,2,"combination"
17,0.0111168276035974,1.90993398597383,203.255138818274,2,"combination"
17.5,0.0102147979784584,1.82790909131518,205.163833293846,2,"combination"
18,0.00935576523822483,1.8454306268042,206.983473919905,2,"combination"
18.5,0.00858484292164774,2.02765093348749,208.692023562628,2,"combination"
19,0.00796588249871361,2.45681298638889,210.253050546989,2,"combination"
19.5,0.00758506304673403,3.22963214187436,211.61243895388,2,"combination"
20,0.00753721192535145,4.42848388692395,212.698819952644,2,"combination"
20.5,0.00789690896150232,6.08936674557399,213.431381303334,2,"combination"
21,0.00869725532011733,8.20354724052022,213.731539460466,2,"combination"
0,0.0394620415268602,6.345027023202,248.397468750573,3,"combination"
0.5,0.09232752936646,15.7199265145483,245.964099865072,3,"combination"
1,0.184474873601713,35.8713166465112,240.29394380649,3,"combination"
1.5,0.288714486859763,70.7087330059199,228.82315761938,3,"combination"
2,0.354311611317968,116.159619163564,209.946335351102,3,"combination"
2.5,0.375134824792166,162.174374096385,185.045795248604,3,"combination"
3,0.374733058246063,201.568024317873,157.763963463123,3,"combination"
3.5,0.0666777756606295,196.258902562004,133.406019866976,3,"combination"
4,0.0427408576358112,162.226263500875,117.222290397258,3,"combination"
4.5,0.0389322629774686,128.952643886718,107.825802996788,3,"combination"
5,0.0370233112174971,101.551880302925,102.999517945223,3,"combination"
5.5,0.0355002862519611,79.9015671085886,101.201471944854,3,"combination"
6,0.0341357751116631,62.9807356992907,101.449069003663,3,"combination"
6.5,0.0328557062200116,49.7892759243908,103.10818954179,3,"combination"
7,0.0316248358647526,39.505608848604,105.754848590282,3,"combination"
7.5,0.0304645144866767,31.4830195025244,109.094609160161,3,"combination"
8,0.0293847061851513,25.2183082481015,112.915985787941,3,"combination"
8.5,0.028278579000493,20.3204580622216,117.06291221505,3,"combination"
9,0.0271831299566524,16.4856985353483,121.417936797885,3,"combination"
9.5,0.0260622138754721,13.4779932730233,125.891530462118,3,"combination"
10,0.0249543949568518,11.1138626108112,130.4150031293,3,"combination"
10.5,0.0238265390222191,9.25061711473211,134.935610253863,3,"combination"
11,0.0227142827007948,7.77726611185808,139.413037023216,3,"combination"
11.5,0.0215872687797027,6.60745506215734,143.816777851568,3,"combination"
12,0.0204780685919483,5.67399970887006,148.124126685927,3,"combination"
12.5,0.0193591262633153,4.92462497915727,152.318597437682,3,"combination"
13,0.0182598695710031,4.31866590384355,156.388664575534,3,"combination"
13.5,0.0171726298582204,3.82450014683619,160.326745528795,3,"combination"
14,0.0161227419349753,3.41764810381542,164.128366067622,3,"combination"
14.5,0.015082041393197,3.07902066691388,167.791483505524,3,"combination"
15,0.0140496279414999,2.79371859398877,171.315957409658,3,"combination"
15.5,0.013026244036802,2.55015012322613,174.703111852143,3,"combination"
16,0.0120126357762323,2.33930738984415,177.955377319887,3,"combination"
16.5,0.0110094471954478,2.15419481303346,181.076001519308,3,"combination"
17,0.0100172127846083,1.98938211793355,184.068817666892,3,"combination"
17.5,0.0090363564009779,1.84065581553812,186.938060184139,3,"combination"
18,0.00806719068563143,1.70474767028281,189.688219251368,3,"combination"
18.5,0.00711032234076445,1.59757538779291,192.322918765322,3,"combination"
19,0.00616810197915113,1.56095334710701,194.839041642485,3,"combination"
19.5,0.00524399911448016,1.62593463818304,197.22632931816,3,"combination"
20,0.00434263457263092,1.81589865330561,199.469077930088,3,"combination"
20.5,0.00346903969424795,2.12813351634418,201.549174443904,3,"combination"
21,0.00262547171405392,2.50168882704157,203.454614329627,3,"combination"
0,0.0394620415268602,6.345027023202,248.397468750573,4,"combination"
0.5,0.09232752936646,15.7199265145483,245.964099865072,4,"combination"
1,0.184474873601713,35.8713166465112,240.29394380649,4,"combination"
1.5,0.288714486859763,70.7087330059199,228.82315761938,4,"combination"
2,0.354311611317968,116.159619163564,209.946335351102,4,"combination"
2.5,0.375134824792166,162.174374096385,185.045795248604,4,"combination"
3,0.374733058246063,201.568024317873,157.763963463123,4,"combination"
3.5,0.367869554090796,232.285920021856,131.65670967124,4,"combination"
4,0.359297093069886,254.948982517125,108.906120009065,4,"combination"
4.5,0.0636337594917066,236.588557644903,91.4507775803358,4,"combination"
5,0.0405814754366025,193.329981956371,81.1646872030549,4,"combination"
5.5,0.0368491153967089,153.085584477849,76.20891740064,4,"combination"
6,0.034941120747833,120.301674623921,74.7070644318722,4,"combination"
6.5,0.0334047932595995,94.4667020525635,75.4552880417219,4,"combination"
7,0.0320224025723205,74.2865866936024,77.7136573481312,4,"combination"
7.5,0.0307233462271072,58.5552437869561,81.0126052792258,4,"combination"
8,0.0294741714394954,46.2920759860058,85.0390441915942,4,"combination"
8.5,0.0282943688863623,36.7267160844269,89.5736381198833,4,"combination"
9,0.027192580825603,29.2596025536368,94.4560434475547,4,"combination"
9.5,0.0260695817997152,23.4246220784898,99.5651330260863,4,"combination"
10,0.0249595901556328,18.8594790776577,104.807331837502,4,"combination"
10.5,0.0238294906219148,15.2825280077783,110.109395628854,4,"combination"
11,0.0227146505621405,12.4747489294886,115.413703152649,4,"combination"
11.5,0.0215849410118377,10.2657616677417,120.675006245053,4,"combination"
12,0.0204727156540737,8.52300137838161,125.85805729376,4,"combination"
12.5,0.0193506109879236,7.14330594346526,130.935785622193,4,"combination"
13,0.0182478679183959,6.04639608945013,135.887841198157,4,"combination"
13.5,0.0171399065875927,5.16979437690271,140.699397095151,4,"combination"
14,0.0160528106191931,4.46488569717444,145.360150405487,4,"combination"
14.5,0.0149796548568194,3.89385089445731,149.863479614303,4,"combination"
15,0.0139422327784095,3.42736504699797,154.205726454778,4,"combination"
15.5,0.0129157045749515,3.04256681194964,158.385593135308,4,"combination"
16,0.0118992123879196,2.72162213446102,162.403654457857,4,"combination"
16.5,0.0108933377902068,2.45065124316058,166.261944319542,4,"combination"
17,0.0098986619494837,2.21886092151796,169.96361010402,4,"combination"
17.5,0.00891567545740915,2.01786164083071,173.51262805975,4,"combination"
18,0.00794477502454709,1.84113421525789,176.913571268787,4,"combination"
18.5,0.00698626645117206,1.68361414254873,180.171422235227,4,"combination"
19,0.0060403691308111,1.54136788497185,183.291422953566,4,"combination"
19.5,0.00510723814806854,1.42465127240975,186.278248438326,4,"combination"
20,0.00418702792002849,1.36026377069306,189.132013639056,4,"combination"
20.5,0.00327988078674692,1.36113575664025,191.84877206364,4,"combination"
21,0.00238596838554417,1.42472337873724,194.423174822215,4,"combination"
0,0.0394620415268602,6.345027023202,248.397468750573,5,"combination"
0.5,0.09232752936646,15.7199265145483,245.964099865072,5,"combination"
1,0.184474873601713,35.8713166465112,240.29394380649,5,"combination"
1.5,0.288714486859763,70.7087330059199,228.82315761938,5,"combination"
2,0.354311611317968,116.159619163564,209.946335351102,5,"combination"
2.5,0.375134824792166,162.174374096385,185.045795248604,5,"combination"
3,0.374733058246063,201.568024317873,157.763963463123,5,"combination"
3.5,0.367869554090796,232.285920021856,131.65670967124,5,"combination"
4,0.359297093069886,254.948982517125,108.906120009065,5,"combination"
4.5,0.350177263563358,270.910573448126,90.3198037176203,5,"combination"
5,0.340771790137115,281.501246507928,75.8085647712236,5,"combination"
5.5,0.0602330194883633,255.361362255221,65.6034629384207,5,"combination"
6,0.0382754291856914,207.495528189114,60.4435633082738,5,"combination"
6.5,0.0346473420638867,163.992177963667,58.96056946244,5,"combination"
7,0.0327527312772088,128.741462705225,59.8677899755245,5,"combination"
7.5,0.0312135564228477,100.998780649992,62.350573788508,5,"combination"
8,0.0298234058609606,79.333995865907,65.9073153861563,5,"combination"
8.5,0.0285154557156791,62.4452313854659,70.2155281498463,5,"combination"
9,0.0272581031102033,49.2794358971935,75.0551140050027,5,"combination"
9.5,0.0260688966138704,39.0101637669488,80.2669717596295,5,"combination"
10,0.024955125489875,30.99414560571,85.7305683403839,5,"combination"
10.5,0.023825313699132,24.7311810058834,91.3514904561486,5,"combination"
11,0.0227108025438664,19.8323848967821,97.0542784281933,5,"combination"
11.5,0.0215814981719269,15.9953716528252,102.778058058045,5,"combination"
12,0.0204695098906755,12.9849472343443,108.473691618451,5,"combination"
12.5,0.0193476948054981,10.6181217738358,114.101765775263,5,"combination"
13,0.0182451054153057,8.75250042735558,119.631056926322,5,"combination"
13.5,0.017137339526915,7.27725917529757,125.037281562186,5,"combination"
14,0.01605032857343,6.10614590511545,130.302035539872,5,"combination"
14.5,0.0149624201175015,5.17202723228739,135.411870109041,5,"combination"
15,0.0138964095799108,4.42265726917134,140.35748146568,5,"combination"
15.5,0.0128461094067536,3.81738388687443,145.132997874887,5,"combination"
16,0.0118298893767495,3.32465705008717,149.73535113939,5,"combination"
16.5,0.0108261644582502,2.9198838300991,154.163734098816,5,"combination"
17,0.00983412231000773,2.58388455902845,158.419149852445,5,"combination"
17.5,0.0088541895482097,2.30172916525252,162.504022954175,5,"combination"
18,0.00788678552731946,2.06180303553696,166.421869671346,5,"combination"
18.5,0.00693224603422744,1.8550733870884,170.177022959693,5,"combination"
19,0.00599082294742052,1.67451663429938,173.77440580505,5,"combination"
19.5,0.00506269093673276,1.51467223172313,177.219346436305,5,"combination"
20,0.00414795945382767,1.37129530562794,180.517429288951,5,"combination"
20.5,0.00324669817376016,1.24962130737561,183.673924342074,5,"combination"
21,0.00235900359812188,1.1628220019631,186.691411884122,5,"combination"
0,0.0394620415268602,6.345027023202,248.397468750573,6,"combination"
0.5,0.09232752936646,15.7199265145483,245.964099865072,6,"combination"
1,0.184474873601713,35.8713166465112,240.29394380649,6,"combination"
1.5,0.288714486859763,70.7087330059199,228.82315761938,6,"combination"
2,0.354311611317968,116.159619163564,209.946335351102,6,"combination"
2.5,0.375134824792166,162.174374096385,185.045795248604,6,"combination"
3,0.374733058246063,201.568024317873,157.763963463123,6,"combination"
3.5,0.367869554090796,232.285920021856,131.65670967124,6,"combination"
4,0.359297093069886,254.948982517125,108.906120009065,6,"combination"
4.5,0.350177263563358,270.910573448126,90.3198037176203,6,"combination"
5,0.340771790137115,281.501246507928,75.8085647712236,6,"combination"
5.5,0.331146601285191,287.837612014122,64.8458769648993,6,"combination"
6,0.321327618876611,290.812896710486,56.7712784891311,6,"combination"
6.5,0.0566828202940668,260.578433282893,51.5037925002093,6,"combination"
7,0.0358837637227045,211.074048018575,49.6160439180032,6,"combination"
7.5,0.0323739828106718,166.645981071979,50.2649751954747,6,"combination"
8,0.0305023861156144,130.751308856484,52.6099415345829,6,"combination"
8.5,0.0289692719111189,102.521688975252,56.1047105135614,6,"combination"
9,0.0275800100238083,80.4790584130396,60.4040416655492,6,"combination"
9.5,0.0262716459965456,63.2950386277918,65.2787092889034,6,"combination"
10,0.0250144341479671,49.8982234970417,70.5661412226904,6,"combination"
10.5,0.0238239355714632,39.4482440455922,76.1438695733164,6,"combination"
11,0.0227060766227778,31.2909535538597,81.9153336751163,6,"combination"
11.5,0.0215771581336307,24.9176302620841,87.8021586938633,6,"combination"
12,0.0204655956296953,19.9327077289978,93.7398040081294,6,"combination"
12.5,0.0193442761392258,16.0285628290666,99.6749321559341,6,"combination"
13,0.0182420332938538,12.9658995089737,105.563664770965,6,"combination"
13.5,0.017134663147327,10.5585189855507,111.370292073723,6,"combination"
14,0.0160479307764056,8.66151703643963,117.066219564056,6,"combination"
14.5,0.0149603410217008,7.16210851048515,122.629045337872,6,"combination"
15,0.0138945570429394,5.97250784392635,128.041724223466,6,"combination"
15.5,0.0128317920040236,5.02438283573791,133.291800197387,6,"combination"
16,0.0117916177936533,4.26454908408986,138.370705206183,6,"combination"
16.5,0.0107685725595398,3.65161818815714,143.273123195322,6,"combination"
17,0.00977770425032621,3.15344834161623,147.996416764498,6,"combination"
17.5,0.00880060927370151,2.74498709361676,152.540123503197,6,"combination"
18,0.00783652577316505,2.40669984452618,156.905530098885,6,"combination"
18.5,0.00688573772890053,2.12337794559248,161.095301584914,6,"combination"
19,0.00594851850369721,1.8831866788008,165.113164532112,6,"combination"
19.5,0.00502507004095237,1.67691865740854,168.96364105313,6,"combination"
20,0.00411553052452756,1.49741137881903,172.651828348048,6,"combination"
20.5,0.00321999882611891,1.33909365307618,176.183218100408,6,"combination"
21,0.00233859885448428,1.19763294094476,179.56355015334,6,"combination"
0,0.0394620415268602,6.345027023202,248.397468750573,7,"combination"
0.5,0.09232752936646,15.7199265145483,245.964099865072,7,"combination"
1,0.184474873601713,35.8713166465112,240.29394380649,7,"combination"
1.5,0.288714486859763,70.7087330059199,228.82315761938,7,"combination"
2,0.354311611317968,116.159619163564,209.946335351102,7,"combination"
2.5,0.375134824792166,162.174374096385,185.045795248604,7,"combination"
3,0.374733058246063,201.568024317873,157.763963463123,7,"combination"
3.5,0.367869554090796,232.285920021856,131.65670967124,7,"combination"
4,0.359297093069886,254.948982517125,108.906120009065,7,"combination"
4.5,0.350177263563358,270.910573448126,90.3198037176203,7,"combination"
5,0.340771790137115,281.501246507928,75.8085647712236,7,"combination"
5.5,0.331146601285191,287.837612014122,64.8458769648993,7,"combination"
6,0.321327618876611,290.812896710486,56.7712784891311,7,"combination"
6.5,0.311333360729419,291.131178905181,50.9515076283684,7,"combination"
7,0.30118158512469,289.345461250136,46.8477863599398,7,"combination"
7.5,0.053015031707639,257.323779771477,44.4729255790861,7,"combination"
8,0.0334252731025814,208.036753484726,44.4570257779061,7,"combination"
8.5,0.0300468509768131,164.142592497475,46.3110119662177,7,"combination"
9,0.0282078233856097,128.742906033635,49.463671185306,7,"combination"
9.5,0.0266896073141913,100.914076703904,53.5250473520681,7,"combination"
10,0.0253097134304044,79.1852137405091,58.2388500095881,7,"combination"
10.5,0.0240091333406799,62.2447319352002,63.4280199277138,7,"combination"
11,0.0227599899322386,49.0366645275847,68.9618048527837,7,"combination"
11.5,0.0215758429542341,38.7330489349375,74.7379078128018,7,"combination"
12,0.0204612690210708,30.6893654710108,80.6730124453345,7,"combination"
12.5,0.0193403308179984,24.4043374982951,86.6977160979029,7,"combination"
13,0.0182385025391361,19.4881500460366,92.7537233786455,7,"combination"
13.5,0.0171316042646447,15.6376239054172,98.7921471088393,7,"combination"
14,0.0160452076182565,12.616900043405,104.772344025447,7,"combination"
14.5,0.0149579929469656,10.2424415693689,110.66099566377,7,"combination"
15,0.0138924785956925,8.37140667400636,116.431299419437,7,"combination"
15.5,0.0128300147328671,6.89260931301991,122.062211061623,7,"combination"
16,0.0117900600551061,5.71950303714101,127.537723128548,7,"combination"
16.5,0.0107566246757985,4.78471602834282,132.846178372395,7,"combination"
17,0.00974614021105274,4.03580698027191,137.979627034034,7,"combination"
17.5,0.00875385966994632,3.43196097930078,142.933234039248,7,"combination"
18,0.007791624704268,2.9414651026216,147.704738897581,7,"combination"
18.5,0.00684413263555355,2.53960238406833,152.293977183006,7,"combination"
19,0.00591068262511376,2.20710255399635,156.702471642308,7,"combination"
19.5,0.00499143761984101,1.92896100984729,160.933075197484,7,"combination"
20,0.00408655753922135,1.69349931110626,164.989665137935,7,"combination"
20.5,0.00319616766814509,1.49162938852971,168.876885716632,7,"combination"
21,0.00232041892355798,1.31628017778124,172.599934308464,7,"combination"
