"arm","start_day","duration_days","V_peak","t_V_peak","K_peak","t_K_peak","L_peak","T_end_frac","mortality_prob","rebound","placebo_mortality","placebo_K_peak","RRR"
"ribavirin",1,10,14515581.0414262,1,4.01614622991951,7.66666666666667,29.5274238307526,0.000850958766907929,0.0247802686282274,FALSE,0.0962672365568919,53.043994152707,74.2588761093367
"ribavirin",1,15,14515581.0414262,1,4.01614622991951,7.66666666666667,29.5274238307526,0.000279221538722161,0.0247420088295758,FALSE,0.0962672365568919,53.043994152707,74.2986194322159
"ribavirin",1,21,14515581.0414262,1,4.01614622991951,7.66666666666667,29.5274238307526,0.000484396355548269,0.0247313639260246,FALSE,0.0962672365568919,53.043994152707,74.3096770920511
"ribavirin",1,28,14515581.0414262,1,4.01614622991951,7.66666666666667,29.5274238307526,0.00379136219235193,0.0247299915247745,FALSE,0.0962672365568919,53.043994152707,74.3111027081788
"ribavirin",1,35,14515581.0414262,1,4.01614622991951,7.66666666666667,29.5274238307526,0.0301419728178478,0.0247297587465223,FALSE,0.0962672365568919,53.043994152707,74.311344512411
"ribavirin",2,10,30569299.1990995,2,9.03526191761288,2,39.2525398375174,0.000121651708449291,0.0365822656686255,FALSE,0.0962672365568919,53.043994152707,61.99925646873
"ribavirin",2,15,30569299.1990995,2,9.03526191761288,2,39.2525398375174,7.06614085925594e-05,0.0365599179662943,FALSE,0.0962672365568919,53.043994152707,62.0224707035314
"ribavirin",2,21,30569299.1990995,2,9.03526191761288,2,39.2525398375174,0.000207745192610816,0.0365545915831143,FALSE,0.0962672365568919,53.043994152707,62.0280036172937
"ribavirin",2,28,30569299.1990995,2,9.03526191761288,2,39.2525398375174,0.00169312642930612,0.0365538195386869,FALSE,0.0962672365568919,53.043994152707,62.0288055977545
"ribavirin",2,35,30569299.1990995,2,9.03526191761288,2,39.2525398375174,0.0136606189060551,0.036553666787691,FALSE,0.0962672365568919,53.043994152707,62.0289642716725
"ribavirin",3,10,34182581.7725451,3,21.3084007462541,3,65.6563218423432,9.21212495902865e-06,0.0564223227530985,FALSE,0.0962672365568919,53.043994152707,41.389900893484
"ribavirin",3,15,34182581.7725451,3,21.3084007462541,3,65.6563218423432,7.26096918398189e-06,0.0564085672592378,FALSE,0.0962672365568919,53.043994152707,41.4041897568115
"ribavirin",3,21,34182581.7725451,3,21.3084007462541,3,65.6563218423432,2.76067045452189e-05,0.0564056002417516,FALSE,0.0962672365568919,53.043994152707,41.4072718204422
"ribavirin",3,28,34182581.7725451,3,21.3084007462541,3,65.6563218423432,0.000225399119922417,0.0564051186567716,FALSE,0.0962672365568919,53.043994152707,41.4077720788865
"ribavirin",3,35,34182581.7725451,3,21.3084007462541,3,65.6563218423432,0.00183768659295775,0.0564050215252194,FALSE,0.0962672365568919,53.043994152707,41.4078729767159
"ribavirin",4,10,34182581.7725451,3,33.8454808658823,4,105.356463323538,7.68565063341937e-07,0.0706578940607386,FALSE,0.0962672365568919,53.043994152707,26.6023451094067
"ribavirin",4,15,34182581.7725451,3,33.8454808658823,4,105.356463323538,7.98987837513012e-07,0.0706497296368425,FALSE,0.0962672365568919,53.043994152707,26.6108261089534
"ribavirin",4,21,34182581.7725451,3,33.8454808658823,4,105.356463323538,3.66655197418428e-06,0.0706481089036119,FALSE,0.0962672365568919,53.043994152707,26.6125096861377
"ribavirin",4,28,34182581.7725451,3,33.8454808658823,4,105.356463323538,2.99480366928573e-05,0.0706478107375239,FALSE,0.0962672365568919,53.043994152707,26.61281941362
"ribavirin",4,35,34182581.7725451,3,33.8454808658823,4,105.356463323538,0.000244515479488369,0.0706477519882483,FALSE,0.0962672365568919,53.043994152707,26.6128804408995
"favipiravir",1,10,34657443.9142418,16,51.231879730524,20,175.693206850712,0.557831735996573,0.0942232549989326,TRUE,0.0962672365568919,53.043994152707,2.12323697143973
"favipiravir",1,15,33310092.5900096,20.9,48.2151836435409,24.8,164.943199464492,0.639237910829503,0.0920942237110025,TRUE,0.0962672365568919,53.043994152707,4.33482147731869
"favipiravir",1,21,30844095.6508465,27,43.6371927485044,30.8,148.864058038439,0.717716659927863,0.0885860567985859,TRUE,0.0962672365568919,53.043994152707,7.97901761080114
"favipiravir",1,28,27467721.120393,34.4,37.8437860071644,38.1,128.6837014798,0.81789868100979,0.0815077043011098,TRUE,0.0962672365568919,53.043994152707,15.3318333253074
"favipiravir",1,35,14515581.0414262,1,6.16935432460691,2.7,19.5685742346065,0.941651181640158,0.0285618207212538,FALSE,0.0962672365568919,53.043994152707,70.330694281045
"favipiravir",2,10,30569299.1990995,2,21.7448302962772,20.4,73.867189279734,0.114505016233182,0.0669898852295808,FALSE,0.0962672365568919,53.043994152707,30.4125810342637
"favipiravir",2,15,30569299.1990995,2,23.3371070126492,26.1,79.1776475903587,0.286565804329386,0.069223195932093,FALSE,0.0962672365568919,53.043994152707,28.0926736780445
"favipiravir",2,21,30569299.1990995,2,17.4387962047571,3.4,55.5267174307275,0.645660084015807,0.0516180976052951,FALSE,0.0962672365568919,53.043994152707,46.3804099385465
"favipiravir",2,28,30569299.1990995,2,17.4387962047571,3.4,55.5267174307275,0.935048864499611,0.0516075778474222,FALSE,0.0962672365568919,53.043994152707,46.3913376001779
"favipiravir",2,35,30569299.1990995,2,17.4387962047571,3.4,55.5267174307275,0.991565575230064,0.0516075778474212,FALSE,0.0962672365568919,53.043994152707,46.391337600179
"favipiravir",3,10,34182581.7725451,3,29.5080917782262,4.1,94.7366612534003,0.00615103604472057,0.0719317572601009,FALSE,0.0962672365568919,53.043994152707,25.2790878466832
"favipiravir",3,15,34182581.7725451,3,29.5080917782262,4.1,94.7366612534003,0.021448983842875,0.0688953555718329,FALSE,0.0962672365568919,53.043994152707,28.4332260528563
"favipiravir",3,21,34182581.7725451,3,29.5080917782262,4.1,94.7366612534003,0.110389841281013,0.0685564501023534,FALSE,0.0962672365568919,53.043994152707,28.785272586652
"favipiravir",3,28,34182581.7725451,3,29.5080917782262,4.1,94.7366612534003,0.503307642079941,0.0685564501021471,FALSE,0.0962672365568919,53.043994152707,28.7852725868663
"favipiravir",3,35,34182581.7725451,3,29.5080917782262,4.1,94.7366612534003,0.892182503769409,0.0685564501021467,FALSE,0.0962672365568919,53.043994152707,28.7852725868667
"favipiravir",4,10,34182581.7725451,3,39.2327250629368,4.9,127.578162980535,0.000318959398072235,0.0804372648897623,FALSE,0.0962672365568919,53.043994152707,16.4437790397924
"favipiravir",4,15,34182581.7725451,3,39.2327250629368,4.9,127.578162980535,0.00117505101179082,0.0787357070281255,FALSE,0.0962672365568919,53.043994152707,18.2113148312984
"favipiravir",4,21,34182581.7725451,3,39.2327250629368,4.9,127.578162980535,0.00681086321098961,0.0786655427924685,FALSE,0.0962672365568919,53.043994152707,18.2841996861738
"favipiravir",4,28,34182581.7725451,3,39.2327250629368,4.9,127.578162980535,0.0530303702476959,0.0786655427924876,FALSE,0.0962672365568919,53.043994152707,18.2841996861539
"favipiravir",4,35,34182581.7725451,3,39.2327250629368,4.9,127.578162980535,0.313802381153151,0.0786655427924874,FALSE,0.0962672365568919,53.043994152707,18.2841996861541
"combination",1,10,14515581.0414262,1,4.28605765617227,21.8,30.2708128094073,0.80124451969769,0.0254303441670904,FALSE,0.0962672365568919,53.043994152707,73.5835938823677
"combination",1,15,14515581.0414262,1,3.64919639670041,28.2,25.5266317577298,0.911265148859843,0.0223050809078066,FALSE,0.0962672365568919,53.043994152707,76.8300392682148
"combination",1,21,14515581.0414262,1,2.17156031797333,1,10.6986189040061,0.970478689055744,0.00953722686405359,FALSE,0.0962672365568919,53.043994152707,90.0929670309823
"combination",1,28,14515581.0414262,1,2.17156031797333,1,10.6986189040061,0.99619548114742,0.00953501822939936,FALSE,0.0962672365568919,53.043994152707,90.0952613054761
"combination",1,35,14515581.0414262,1,2.17156031797333,1,10.6986189040061,0.999532551573137,0.00953431390328259,FALSE,0.0962672365568919,53.043994152707,90.0959929418479
"combination",2,10,30569299.1990995,2,9.03526191761288,2,33.4229855068013,0.22418765969471,0.0341518783294959,FALSE,0.0962672365568919,53.043994152707,64.5238821109061
"combination",2,15,30569299.1990995,2,9.03526191761288,2,33.4229855068013,0.533567374761871,0.0349607449590293,FALSE,0.0962672365568919,53.043994152707,63.6836516665062
"combination",2,21,30569299.1990995,2,9.03526191761288,2,33.4229855068013,0.861159870953311,0.0295464388018551,FALSE,0.0962672365568919,53.043994152707,69.3078976206055
"combination",2,28,30569299.1990995,2,9.03526191761288,2,33.4229855068013,0.980613296974121,0.029544826998182,FALSE,0.0962672365568919,53.043994152707,69.3095719219886
"combination",2,35,30569299.1990995,2,9.03526191761288,2,33.4229855068013,0.997584886044053,0.0295443087302017,FALSE,0.0962672365568919,53.043994152707,69.310110285817
"combination",3,10,34182581.7725451,3,21.3084007462541,3,65.014961388645,0.0126148147254132,0.0524985975075763,FALSE,0.0962672365568919,53.043994152707,45.4657686402468
"combination",3,15,34182581.7725451,3,21.3084007462541,3,65.014961388645,0.0508285756203196,0.0518710319986234,FALSE,0.0962672365568919,53.043994152707,46.1176680105814
"combination",3,21,34182581.7725451,3,21.3084007462541,3,65.014961388645,0.241162624119637,0.0518179983985201,FALSE,0.0962672365568919,53.043994152707,46.1727579892701
"combination",3,28,34182581.7725451,3,21.3084007462541,3,65.014961388645,0.721857826922002,0.0518170336361298,FALSE,0.0962672365568919,53.043994152707,46.1737601603355
"combination",3,35,34182581.7725451,3,21.3084007462541,3,65.014961388645,0.954941817239326,0.0518167208343386,FALSE,0.0962672365568919,53.043994152707,46.1740850910206
"combination",4,10,34182581.7725451,3,33.8454808658823,4,105.356463323538,0.000623599156725706,0.0678863216012873,FALSE,0.0962672365568919,53.043994152707,29.481385329714
"combination",4,15,34182581.7725451,3,33.8454808658823,4,105.356463323538,0.00264016947441377,0.0675823628008981,FALSE,0.0962672365568919,53.043994152707,29.797130136837
"combination",4,21,34182581.7725451,3,33.8454808658823,4,105.356463323538,0.0156023163230275,0.0675702054920771,FALSE,0.0962672365568919,53.043994152707,29.8097588454775
"combination",4,28,34182581.7725451,3,33.8454808658823,4,105.356463323538,0.11459839769308,0.0675695944012386,FALSE,0.0962672365568919,53.043994152707,29.8103936313718
"combination",4,35,34182581.7725451,3,33.8454808658823,4,105.356463323538,0.513844585541518,0.0675694007439141,FALSE,0.0962672365568919,53.043994152707,29.8105947977617
