"trial","k_CC","K_CC","k_KP","k_LP","k_PV","k_PC","K50","C50","w_K_HFRS","w_C_HFRS","k_P_CD8","k_CI","K_peak","L_peak","C_pro_peak","V_peak","P_peak","CD8_E_peak","mortality_prob","dialysis_prob","ecmo_prob","mortality_error"
64,1.78738065066079,70.3135913829099,1.7441686736608,2.48413286131546,4.87737342115614,0.676646290092265,4.45790811490046,30.7678155123162,0.171067443852871,0.0789110181999282,0.0362095783817973,1.69956686284353,0.755201855001469,1.17623237360047,4.01041001144345e-05,4284.58086453359,0.343593433395076,1.22692540637639,0.0191085424531754,0.144865897585444,0.0116255799015835,0.0748914575468246
77,4.42767520620957,406.953620581989,0.832630237670128,1.31755444767971,4.97576981682757,0.425410175614365,5.46666253528548,43.6818954238904,0.206769024720466,0.144629790858419,0.046609177734717,0.728074345010981,0.428156829492676,0.655564957360323,1.72662003634379e-05,4284.58086453359,0.359558652380682,1.22692542045648,0.0118396188781015,0.0726327310470164,0.00651295293646242,0.0821603811218985
59,1.7130145802949,440.988473805124,1.44576179686325,0.471558479193939,2.35061606605898,0.322167494055799,5.30401648643771,225.608940429438,0.197993099588828,0.0830143525945286,0.00211623386291553,1.22052472377697,0.333429133396543,0.0972545300710225,2.88427510635453e-05,4284.58086453359,0.151617113503316,1.22692541467618,0.00901769146580023,0.0591454278908585,0.000971600375331028,0.0849823085341998
23,1.58123018676046,68.2653786401821,1.23473335631852,0.200855227982002,3.92815536489652,1.31705061729966,4.40204155926749,273.337670358812,0.112644144978243,0.0262913525416027,0.0319127322752352,1.37102198825344,0.476540950837133,0.0774164621669173,3.23806490661695e-05,4284.58086453359,0.279264168440463,1.22692541404508,0.00840310384069307,0.0976802072835933,0.000773565754429559,0.0855968961593069
9,1.07656929172641,163.694215970838,0.777789399358352,0.82143513246556,1.50135508078319,0.111396017438967,5.51739088205001,89.60933443358,0.270609525323238,0.139114045519702,0.0180714053291112,4.49722816500841,0.209462703480415,0.1284186782048,0.000105871676257117,4284.58086453359,0.112332817486882,1.22692541970031,0.00783973700547697,0.0365755297131478,0.00128253976143891,0.086160262994523
98,0.549714717655517,87.5657063139326,0.0731566790369607,0.343865370131333,1.66155185011493,0.239833051828039,3.67561222295124,207.349914346728,0.230444590771032,0.114788527044559,0.00141692677533077,0.519915758238646,0.168094422623633,0.0500921056657604,1.23727968067265e-05,4284.58086453359,0.107101576846789,1.22692541685136,0.00757429292459155,0.0437323755747994,0.000500670260381736,0.0864257070754084
4,0.508515448572818,80.654569444545,1.4170978784529,0.801071419680244,0.678626857936331,0.249518198381015,3.33316118223545,464.130149849935,0.108377163065361,0.137710857356634,0.0322306419533172,3.40096043809789,0.297901171871523,0.103383084568559,8.01005541288668e-05,4284.58086453359,0.0782614077428033,1.22692541245297,0.00671181375315312,0.0820424280333762,0.00103276314329177,0.0872881862468469
81,1.28743356545941,230.262463560538,0.055260436479519,1.60407997057969,0.254645085472216,1.38793923437604,3.66152010347474,51.3623778806693,0.201158537847993,0.0301150962833372,0.00485270389612891,1.90311216365247,0.168098728802836,0.0472705120998693,4.48890542797011e-05,4284.58086453359,0.0208120971082739,1.22692541404508,0.00662577866757281,0.0438943759587852,0.000472481776443389,0.0873742213324272
74,0.65711626943265,149.759487024877,1.51851867963969,0.706492262232435,3.77573883501199,0.810977860901016,17.7054807323471,280.403308214078,0.261594638557359,0.0278580221971795,0.0021266892500115,0.669893927525011,0.495009157982733,0.232802254649978,1.58984918954244e-05,4284.58086453359,0.242407647315611,1.22692541063417,0.0064070289818517,0.0271975733051966,0.0023226154453761,0.0875929710181483
79,0.519055065791254,107.765461058128,0.122020603136565,1.47905557635947,0.988437686240144,0.332839710281774,3.67777706041982,79.2189409529107,0.193867586227101,0.043454299595803,0.00102744513286164,4.3021048719106,0.168004765701626,0.128552119795217,0.000101284707135469,4284.58086453359,0.0638776155628606,1.22692541694814,0.00638342842666139,0.0436854645680882,0.00128387075488134,0.0876165715733386
5,4.67666880297527,207.877847717745,0.171056822140293,0.325228957818019,0.721254764681022,0.903846968533022,3.34730863387333,246.624354196821,0.168265010366962,0.0282420863789269,0.00277703030443389,2.33472999296881,0.16895878099756,0.0215515508070351,5.50355500268293e-05,4284.58086453359,0.0484296408245585,1.22692541404508,0.00603793665413694,0.0480506062431442,0.00021546907114401,0.0879620633458631
90,1.23292426876896,208.509050956383,0.401169610509712,0.115121155664167,0.920436724729986,1.65826422876476,5.89888334994725,202.165873041892,0.256896626088905,0.0219238399781028,0.00170524036273276,0.675357724816027,0.170040530447579,0.00943663083894713,1.60269351439554e-05,4284.58086453359,0.0601484539881157,1.22692541685136,0.00564627557477674,0.0280182341711158,9.43574042295649e-05,0.0883537244252233
6,2.36906664870114,480.603802131852,0.82376908047362,0.686707976132211,3.08208951616487,0.100581617548845,6.43565071914814,308.322816373948,0.173136327858474,0.0324729227538158,0.00118314146451065,0.761618561140186,0.272160124350169,0.184186646341719,1.80547596490437e-05,4284.58086453359,0.197382891057081,1.226925411515,0.00556522054231787,0.0405736134634694,0.00183848022834096,0.0884347794576821
37,1.40096515763612,60.6533572518731,1.54561021191796,0.105753796075489,0.758413976939221,0.115504611184184,3.97069913976332,116.729651161705,0.160275980695746,0.128011797410248,0.00413094672201975,6.47927296575493,0.187575879798576,0.00755260517809086,0.000152465694513636,4284.58086453359,0.0520428232509542,1.22692541404508,0.00554073523014278,0.0451090605879017,7.5520348027193e-05,0.0884592647698572
32,2.86576198195984,63.5891374335114,0.686875039458953,2.67672826909752,0.382562716111531,0.074606271643352,3.50601958348008,309.683376977452,0.141654300982791,0.0515691084867484,0.00417011508923151,1.1572323001013,0.175881023910616,0.104812982143351,2.73548692729655e-05,4284.58086453359,0.0282070052779779,1.22692541433588,0.00509808584763689,0.0477690852266814,0.00104703239555572,0.0889019141523631
96,0.891144382364034,439.598798613975,0.251103322901136,1.08532718813941,0.352253080096023,0.122075408633639,3.2067014053896,75.6536262316595,0.104813594167801,0.0248998593863728,0.0280292341892259,0.513756413221672,0.187593409621792,0.118660037645155,1.22280025837917e-05,4284.58086453359,0.0668834862360476,1.22692541404508,0.00434006036711647,0.0552672704775535,0.00118519402477559,0.0896599396328835
71,3.06154874986675,320.555439809431,0.0654608858426348,0.687902238712148,1.1344528529786,0.0830871499839927,6.5276664728642,80.7273699319654,0.214513888438633,0.0282578544898832,0.00768137137862223,4.94045852439674,0.169098781673203,0.0750037656732882,0.000116291159952998,4284.58086453359,0.0792340329133364,1.22692541685136,0.0042800340873405,0.0252508151691042,0.000749475521868681,0.0897199659126595
2,4.30172111779537,90.0324002818681,0.275163509312724,2.44633219733372,4.6615662142323,0.0771244013371299,11.4155238278747,145.131979937493,0.252605707354676,0.0264490385911308,0.0478737431021904,8.52341767578425,0.208270709212491,1.15616890975246,0.000200519560680477,4284.58086453359,0.340887361999331,1.2269254124164,0.00426964208909743,0.0179176179128061,0.0114295442602611,0.0897303579109026
86,3.68585933326228,54.7511507379145,0.175140930962041,0.286622957541937,0.303388057774832,0.198552461765579,11.0978519548779,34.2034104469759,0.29336410198385,0.12473302061523,0.046126922655864,0.833219581727556,0.190684532056718,0.050846358325663,1.97379603957891e-05,4284.58086453359,0.109009180402547,1.22692541404508,0.00420153717099089,0.0168918736523036,0.000508205179430067,0.0897984628290091
72,0.972132923400041,136.693643756125,0.590840530702458,0.113381161973705,1.21556995671915,1.55848951630399,10.1897658162137,417.884157691555,0.28856085598126,0.0782057092487641,0.00321181044742473,0.933069336412944,0.174195300589625,0.0124246627215649,2.20852339436246e-05,4284.58086453359,0.0802880023773278,1.22692541685136,0.00414419052956357,0.0168077917918081,0.000124231191909059,0.0898558094704364
15,0.653348163591285,76.748900248752,0.737974569985736,0.405868167459529,0.758309700003615,0.294073334087183,9.98745494117629,44.0445148487253,0.219126708657794,0.0659678749886045,0.0223695185236731,5.00615460542766,0.215097145364006,0.0417259177350053,0.000117835547042851,4284.58086453359,0.0703510592157164,1.22692541404508,0.00390625127806781,0.0210826804450009,0.000417085144745671,0.0900937487219322
93,1.36985644862529,219.033604587712,0.992178276128328,0.379023939778866,2.41117471025632,1.25372241609426,17.0846608889923,82.0764039319664,0.265709270131022,0.0896837489651903,0.0012823309103041,0.691426488832524,0.262333696539515,0.0797180780310398,1.64046805360677e-05,4284.58086453359,0.154733426289519,1.22692541404508,0.00374641731259144,0.0151227173817367,0.000796545789316518,0.0902535826874086
68,1.66377557691869,72.3278799395576,0.339897160238274,0.214594657293554,0.494956315276374,0.32055881515601,4.69188247057253,399.93809386648,0.122261692164123,0.0691025002514178,0.0183618419657221,3.17299215595399,0.18540463045952,0.0163210164098513,7.47414631848319e-05,4284.58086453359,0.0502259792203582,1.22692541404508,0.00355704241837661,0.038013884895209,0.000163183530887658,0.0904429575816234
25,1.09258463323253,53.5344542794967,1.22552549022846,1.20453894960401,0.551754236785451,0.208013975935292,7.64398757684972,38.6203634479804,0.194121557898138,0.0674006943542967,0.00176616059935205,0.551158139808458,0.174703263212119,0.060442221769058,1.31072444386442e-05,4284.58086453359,0.0367173613441018,1.22692541685136,0.00354847747464135,0.022344311443671,0.000604057112151241,0.0904515225253587
87,0.551701771407455,69.4708109117033,0.189078498224002,0.637052413493862,4.08746674859425,0.521383658218926,11.7329764295475,38.2008875128998,0.271803711245567,0.0402184923934042,0.00424138947759971,3.24344278080299,0.171845974246891,0.22896125403902,7.63976203578077e-05,4284.58086453359,0.264144975724521,1.22692540915323,0.00349849185169953,0.0144349884793005,0.00228438219028029,0.0905015081483005
36,0.651332188558084,151.959166116807,1.85210168855222,1.58018776387192,1.14812597881733,0.065298983258077,11.1454002506088,78.0610777709004,0.172119878005352,0.0563571724065242,0.00749615845326377,2.56271636354592,0.25976500267359,0.173716208326849,6.03950662028639e-05,4284.58086453359,0.0799324588364524,1.22692540588149,0.00342856202174922,0.0227760840728574,0.00173414958436382,0.0905714379782508
21,0.584260900091104,182.141102427492,0.0649038892130749,0.205235047379739,1.17318462081756,0.295891983631424,4.69860890133182,45.6966289037974,0.12231502839877,0.133070529859378,0.00369699615067766,0.879283086486595,0.168317887383974,0.0218801818214694,2.08208238097997e-05,4284.58086453359,0.0780192786311087,1.22692541685136,0.00323361075374739,0.0345840187640026,0.000218753954451719,0.0907663892462526
78,2.07613288877676,360.708858875028,0.0836136532071735,0.347923593141451,0.331656586713615,0.260877296589911,11.7702720757133,434.635956270498,0.25293292561592,0.132963276157637,0.020613028683418,0.659081714355691,0.172444294445115,0.0282461663293477,1.56443177909823e-05,4284.58086453359,0.0495084082716076,1.22692541404508,0.00312377794781093,0.0144392857621577,0.000282381901231971,0.0908762220521891
89,2.20478581707233,168.605712677084,0.0555738614551156,0.265573641570049,0.224271265542195,1.37217129641818,4.33656126216211,34.67194062885,0.0959788288161287,0.0812116414058344,0.0328100164954828,1.03939509099626,0.172838986259936,0.0335299989149997,2.45847456542642e-05,4284.58086453359,0.0775681533197137,1.22692541404508,0.00279554471731298,0.0383285973163319,0.000335187600751102,0.091204455282687
48,0.96281785217316,111.629720361215,0.759301875256311,0.235362693167469,1.05773258648724,0.823466640537416,17.9605792816576,53.248321953005,0.296284841204443,0.0200163291243156,0.00224365602708219,3.34086993574703,0.173764476541692,0.0222633550449397,7.8687943287158e-05,4284.58086453359,0.0693730562864727,1.22692541685136,0.00276955840838473,0.00958206587779748,0.000222583995784143,0.0912304415916153
34,4.61557270935118,403.564062108657,0.382037874526777,0.129320994789948,0.215160849157863,0.332055377478594,17.69184861038,97.4533651508342,0.241641709219806,0.0248613839219656,0.0462875400759655,1.10585844677146,0.217702235163756,0.0229274099922141,2.61471698920569e-05,4284.58086453359,0.109079290662293,1.22692541404508,0.00274033527437241,0.0121556501914131,0.000229221545358646,0.0912596647256276
43,0.652126752536019,391.193644952458,0.417560910639619,0.164628567401482,3.65677583587419,0.127143785679419,4.5827772058439,260.717174591952,0.0755163102682097,0.0370060829069457,0.00760386182232969,1.36236728850976,0.20650286453286,0.0538019809806366,3.21771939067747e-05,4284.58086453359,0.239698842922713,1.22692541404508,0.00252253695364371,0.0431177257329648,0.000537730500144951,0.0914774630463563
94,3.29418432190509,310.489517427651,0.0617246878481338,2.19111769206987,2.04097406189083,1.39688535558699,13.5420078058393,79.9804063300309,0.222534980612674,0.0983142071320406,0.00799554466269649,5.15355298921905,0.169368289460941,0.411300897546153,0.000121300596363551,4284.58086453359,0.137170816558336,1.22692541670257,0.0025099008021824,0.0123523917864812,0.00409616142674837,0.0914900991978176
38,0.999714879005159,146.094016625055,0.0846511947731018,1.55990766945018,1.70525417790313,0.0628352243541795,10.0843316824948,91.6258759900933,0.174304167888766,0.0755048905066951,0.00492126370175739,1.25395634503064,0.169073736298611,0.240712233015733,2.96286634618988e-05,4284.58086453359,0.11300081707108,1.22692541951,0.00245318680062236,0.0164895202513612,0.00240134200619188,0.0915468131993776
80,1.80276590821887,58.7560552955358,0.180381898328307,0.407435890691343,0.545387609548451,0.75962305451282,8.94570031478543,171.381537420544,0.152819727718171,0.100737215876904,0.0129193839815442,3.82788508449926,0.174223807689061,0.0275685816733457,9.01367222459628e-05,4284.58086453359,0.0471791299097565,1.22692541404508,0.00239804518697085,0.0191036466257122,0.000275609835010992,0.0916019548130292
62,4.67453017965645,410.674774699509,0.0678795034615066,0.506266821903133,0.595827785819034,0.599590272801484,17.980874549032,336.534152655126,0.2734504958655,0.0635749959953712,0.00811719668939955,8.39735901808876,0.169060854940725,0.0321715325865772,0.000197556166833722,4284.58086453359,0.0454869884755779,1.22692541404508,0.00238659501621452,0.00931468080617637,0.000321611858401944,0.0916134049837855
56,2.96052893100268,398.147511521689,0.172197732498956,1.6484112091623,0.40609041007302,0.844007282590242,14.5285222039589,98.7460822596809,0.224648815791968,0.0356823223284662,0.00630580230429294,5.18647351124324,0.170553706921786,0.073473374135774,0.0001220744938075,4284.58086453359,0.0317646291767865,1.22692541685136,0.00233964334515277,0.0116030223910564,0.000734194304029856,0.0916603566548472
24,1.04290348684077,126.693058060401,0.292739003880904,0.349490679647123,0.895442022765876,0.0601035641326416,5.08209546137356,476.192368038115,0.0900361429557338,0.0282268433579059,0.00675352357507681,0.52878957859424,0.173532493639864,0.0304361547843885,1.25814030658812e-05,4284.58086453359,0.0631783359968763,1.22692541685136,0.0022993257720559,0.0330184128567032,0.000304268940078322,0.0917006742279441
57,0.604904536645266,124.018808499065,0.0711582596402479,0.157379933268037,0.407522063717834,0.13744405318447,6.95867294052709,86.1100822606304,0.120613071133765,0.117452189563582,0.0187098161679538,8.74370852664477,0.17133538154983,0.0118239834765136,0.000205698170096653,4284.58086453359,0.0458822468932871,1.22692541404508,0.00229762064608593,0.0240301797431733,0.000118225855759486,0.0917023793539141
63,3.90234045767581,128.610475236774,0.0601343004493238,1.41123102970094,3.93974822720137,0.201238530248196,5.97554698774568,38.3883176650116,0.100765431775839,0.0288923207190131,0.00168664817585608,1.08127703061644,0.16879502183187,0.484186598918125,2.55693086036752e-05,4284.58086453359,0.25246392779264,1.22692541559387,0.00226819493787095,0.027471618859881,0.00481853528705718,0.0917318050621291
76,0.623903316940377,54.4343741274921,0.219432085640985,0.104002045393469,1.24424976491476,1.63243716793673,7.88105921728262,59.6844467196613,0.131970426916812,0.0253529521852263,0.00433469175504195,1.33374188887515,0.170713190929169,0.0118210796341423,3.15042664317515e-05,4284.58086453359,0.0831256405187768,1.22692541685136,0.00226717410069981,0.0212019394332437,0.000118196824200709,0.0917328258993002
58,1.07371795955578,333.528385126162,0.0815657637883506,0.152824285198064,2.08393271451737,0.378070744177206,16.6202478016041,42.3978200317684,0.240418986037183,0.109178422380541,0.00119827544060111,4.15740235115728,0.168256904121191,0.0277993941609164,9.78830323062574e-05,4284.58086453359,0.13381322571132,1.22692541404508,0.00223048601020735,0.0100221495047032,0.00027791668245517,0.0917695139897926
35,0.607082239498967,121.584210776762,0.0792611943248509,0.722813244252645,0.433256154734473,0.716931576607604,4.52297349711601,46.1176442763998,0.0795581085198725,0.0958800229188928,0.00530338860354075,0.598542083236222,0.168609095568796,0.0327109828384734,1.42211487983746e-05,4284.58086453359,0.0325014009229343,1.22692541404508,0.00218191764636773,0.0359386395182926,0.000327002862534489,0.0918180823536323
66,2.11133475419533,226.422992261582,0.204153402730175,0.1249992704588,1.84858735378683,0.0800215220722282,6.80876621235242,177.664050688074,0.100569818387849,0.0230492480967116,0.0293213867396217,1.58530933788242,0.18552201863623,0.0254886645962822,3.74181279109013e-05,4284.58086453359,0.14520916839697,1.22692541685136,0.00213073501602589,0.0265247888719059,0.000254821695315584,0.0918692649839741
65,1.32254176126283,172.301907804455,0.229962199248151,0.139390443701323,0.680176063131937,0.103795567521202,23.0670044354657,30.9437281979379,0.259406180525392,0.122683254729066,0.0191110608091237,8.65862317049099,0.180245826416642,0.0125778358881727,0.000203697978873179,4284.58086453359,0.0620483793478124,1.22692541404508,0.00202858079627148,0.00775342564759946,0.000125762540675752,0.0919714192037285
99,1.3250311081587,470.1413553139,0.315142532376557,2.94593054265001,0.983660186901925,0.0787191541260813,14.5153628542091,58.816683117144,0.183368448052186,0.0974657706691082,0.00580986354237477,2.03824811580409,0.173219206819541,0.274784819440888,4.80658377001856e-05,4284.5808645336,0.067916743755327,1.22692541507581,0.00200946242632197,0.0117927793234121,0.00274031821594708,0.091990537573678
40,1.23822522024043,363.911701397478,0.180445040179985,0.100488888347752,3.75794995945054,1.67374026748521,11.9385065015733,110.56903603407,0.14558461200791,0.124130953396801,0.00196754110333028,5.26532106169325,0.170310158054247,0.0329362965426487,0.000123928046363682,4284.58086453359,0.241133578915273,1.22692541404508,0.00180751469587483,0.0140649712388565,0.000329254521181011,0.0921924853041252
22,0.930435308150024,169.71259825298,0.054117105166791,1.51309371600487,0.285280342088429,0.366234490005408,14.9652052655675,171.15375371276,0.17998416591219,0.0256404448556665,0.00337647837149068,8.49972790039105,0.167847711368357,0.0448103031410024,0.000199962660139823,4284.58086453359,0.0212901647781015,1.22692541404508,0.00179517631728551,0.011091463938187,0.000447902325020407,0.0922048236827145
17,0.672732123466493,67.3068534194518,0.0652715345479307,0.119806033328798,1.10804793809945,0.0756649143832521,24.2763975452889,234.789221714841,0.24418863053451,0.0566935757215448,0.0280159393956203,1.88391468451,0.173090248833273,0.0168717533546774,4.44377588805687e-05,4284.58086453359,0.0977398550968865,1.22692541685136,0.00176284816289141,0.00707950408985196,0.000168689072742485,0.0922371518371086
42,3.502378177679,130.395801714443,0.304036772937452,0.186525550747071,2.30299070260449,0.154108956922137,4.78139930179308,32.9009974867681,0.0638545285533128,0.0285782221357972,0.00763339297279328,5.67887717672442,0.175641798926009,0.0391364986476194,0.000133649946275915,4284.58086453359,0.153497722521474,1.22692541404508,0.00175823140270729,0.0354327905210489,0.00039121187984413,0.0922417685972927
61,0.788790971917346,210.900642796172,0.0832429005726747,0.355698646420964,0.549678485936221,1.01145162833278,8.45571352643831,103.347477444003,0.109805364366138,0.0672460246894801,0.00485540844445052,8.82614043410594,0.168604131988882,0.0193911457942151,0.000207635983902299,4284.58086453359,0.0394400248907346,1.22692541404508,0.00174619033911885,0.0195498517873042,0.000193873863578608,0.0922538096608811
85,0.860369950366173,324.227378983821,0.2366990267452,0.683032520309281,0.32590018906688,0.102574444070573,4.79628409262722,314.411803139768,0.0610106707426083,0.0343247799589415,0.0227297792341622,1.22429515542926,0.182836662150736,0.0608424678087247,2.89313865790135e-05,4284.58086453359,0.0544103213861179,1.22692541404508,0.00172830000678787,0.0367206724149612,0.000608054722588396,0.0922716999932121
75,3.37348978720843,319.767235405393,0.140080368710395,0.460544006967286,1.49958428701391,0.196430248095773,8.79543217154467,393.07784833825,0.100619160642456,0.0230431231912851,0.0159232791801837,3.98638872796071,0.174399539119319,0.0703892517042454,9.38628346302423e-05,4284.58086453359,0.110161553632557,1.22692541685136,0.00162072464604921,0.0194428997939817,0.000703397400875471,0.0923792753539508
7,0.82291583510305,150.788620667805,0.103569818598001,1.15498354669769,0.205140961814483,0.1997687047622,12.7540956568535,30.1328517160675,0.141757447975571,0.0274920247762227,0.00407359944084508,3.45904685058717,0.168522919967134,0.0277509574732758,8.14660527154898e-05,4284.58086453359,0.0169353784180554,1.22692541404508,0.00160757118571123,0.0130409265711374,0.000277432584534207,0.0923924288142888
83,1.47994815167238,86.1706988307684,1.31841858211234,0.153478496460123,0.475895036348353,1.29634589226297,24.7823770736038,39.4900108624133,0.215578029307948,0.112765560776825,0.00158141821988808,0.75461917050844,0.174368731109444,0.00665531919148553,1.78902175874599e-05,4284.58086453359,0.0317228893220024,1.22692541404508,0.00160385274024018,0.00698683764597679,6.65487628822675e-05,0.0923961472597598
67,2.34277261095056,52.5008465924007,0.449326660154254,0.255883151298741,0.722745613834355,0.0856199697526519,30.4806682571511,44.5328914670256,0.254886283501953,0.122608149601499,0.00212224545792152,2.4631769050859,0.17067654882479,0.0167488360415167,5.80550871227204e-05,4284.58086453359,0.0479260602230098,1.22692541404508,0.0015945323183073,0.00556832171329445,0.000167460312761947,0.0924054676816927
13,2.70706051235542,328.246760538084,0.0936656837083645,2.48580165369943,0.514634042576557,0.0866547503451151,22.7035142842602,74.6629715299601,0.201837375049724,0.044278208099835,0.0142203055375231,5.1090676858532,0.171335247452281,0.168514980904196,0.000120254833403132,4284.58086453359,0.0466855345316426,1.22692540730051,0.00154845124282254,0.00749011473123575,0.00168231485648281,0.0924515487571775
52,2.42213447704814,112.398891059964,1.10690332995627,2.30026731678422,0.281607663120959,0.107112886051606,11.7957426258976,74.6075518843384,0.116421927406555,0.0651468378997544,0.00240150974814912,4.50780050480883,0.175349251300568,0.0639487766401623,0.00010612021140343,4284.58086453359,0.0201253443342324,1.22692541685136,0.00148733920111517,0.0146477241256968,0.000639079083146188,0.0925126607988848
54,0.641307918377641,165.213631691647,1.15939136214409,1.13657482169116,0.549487167972566,0.0766506804410898,15.1247865945581,311.122914247347,0.127020271758443,0.0809714959927479,0.0070684124505657,1.44458568298315,0.191640275090177,0.0658531486577823,3.41099884631517e-05,4284.58086453359,0.0415487271090677,1.22692541685136,0.00147932323180892,0.0125120745668129,0.000658098108252281,0.0925206767681911
26,1.52313411645785,139.168046855909,0.0624757303876985,0.304625395634749,3.38081265738314,1.5482990964762,9.04282262066267,46.9037955294666,0.0887028615058815,0.0371230558848032,0.00152464273068079,9.39968519447864,0.168608392791335,0.089720824175336,0.000221118905605539,4284.58086453359,0.216716354040775,1.22692541453602,0.00135626494830419,0.0183042561514133,0.000896403980713923,0.0926437350516958
14,0.770617821431031,53.4633075527265,0.0824881662000128,1.01084592395825,4.0537447923714,0.380973311022271,16.3075446780007,52.2178184209606,0.130456295551943,0.0287178728112734,0.00585789522224872,1.29260527895243,0.170133207347131,0.362618052623271,3.05372247344686e-05,4284.58086453359,0.263433865538377,1.22692542059373,0.00132561605106772,0.0103250718050761,0.00361307885006686,0.0926743839489323
53,0.707056474401738,249.185846509722,0.13246059822887,0.426520982618444,2.0389710400071,0.287807524043548,7.7772007530964,59.0321306787921,0.0736635667102343,0.0325720939751043,0.00911498786445281,4.22709941546939,0.171661751125533,0.0806744121919924,9.9521474733675e-05,4284.58086453359,0.138076800844046,1.22692541685136,0.00130303074552129,0.0215957630458895,0.000806093810476605,0.0926969692544787
45,1.50466178625479,92.361416053552,1.1780169923576,0.21801036034628,2.55931778467815,0.543428150018096,9.89906249222484,39.1994793849343,0.0503116316949615,0.0583182515785285,0.00777646215920836,0.946958192213998,0.314404409369746,0.0506128261768818,2.24117339328423e-05,4284.5808645336,0.169943532772575,1.22692540877398,0.00129910458095675,0.03078331896495,0.000505872225538628,0.0927008954190432
30,3.20176661496575,406.470482774611,0.253511986340474,0.710098995818588,0.253520541542561,0.0917725853263712,24.0522591273631,114.384758816633,0.170768982708637,0.136039135572288,0.00700127671110787,2.04694150698728,0.172455429301154,0.023708364762077,4.82702024198273e-05,4284.58086453359,0.022994122608447,1.22692541404508,0.00123857524639451,0.00711898705339798,0.000237027452287795,0.0927614247536055
1,4.10937758626692,432.559064817229,0.143675495955089,1.6852791173982,1.57816254493436,0.339307028705511,23.8298202226165,43.8191014955933,0.162259217259411,0.0827951460085791,0.00599362472941571,4.31078749129523,0.170466406866101,0.244156068277177,0.000101488818630241,4284.58086453359,0.105891264052449,1.22692541173552,0.00123211415448704,0.00710268212616661,0.00243561398343142,0.092767885845513
18,0.719200705518269,138.450536557167,1.7755683494576,0.519750756788414,0.450766620345301,0.130319357977974,13.7842377233319,186.711571504205,0.0913597647901429,0.0226133423477425,0.00584471847483434,6.16900982419238,0.19804326252602,0.0247422725388548,0.000145172011517661,4284.58086453359,0.0341284561913939,1.22692541404508,0.00117906357874172,0.0141638737432273,0.000247361522526489,0.0928209364212583
47,2.39846298744729,68.6258541585009,0.0741962424134697,0.137140139597677,3.82094385346215,0.13894324699986,36.2599662991485,263.903384741864,0.207797404115105,0.0302696214607654,0.00120747739772432,0.561656378196085,0.168818672817061,0.0455519699709539,1.33540376066228e-05,4284.58086453359,0.244470017918234,1.22692541404508,0.0011624101606873,0.00463421091170014,0.000455312295989196,0.0928375898393127
95,0.57191165998413,143.575530836065,0.0542932289099652,1.23852829529491,1.93913525905459,0.051063717880984,11.2800360633145,160.529168223453,0.0831687115473307,0.0223537432188932,0.00438527754041905,2.44797612475926,0.168540645152341,0.215244157920079,5.76977463402791e-05,4284.58086453359,0.127422699107307,1.22692541272618,0.00108671029071035,0.0147215369599346,0.00214781852530235,0.0929132897092897
91,1.28417620758287,466.571116115126,0.191467581431093,1.17697512841703,1.92015657728379,0.0547929246828294,42.9524942555887,134.575867478001,0.174102037051022,0.021909531105631,0.0360767464944787,0.551697887518855,0.188198662291154,0.260474648655134,1.3119932857638e-05,4284.58086453359,0.156419715308732,1.22692540792942,0.00104676507284258,0.00436243948722377,0.0025979794088141,0.0929532349271574
44,0.713518064078516,92.3293063867404,0.182347554239084,0.71524225917636,2.70026754320462,1.56359775065406,31.3311352257708,42.8844096521656,0.160082334399794,0.0803766662769561,0.00113355656246127,7.88050409406521,0.169305098440455,0.168170931870426,0.000185405912893167,4284.5808645336,0.173017362840524,1.22692542019553,0.00102403490793218,0.00537468989950364,0.00167888592060654,0.0929759650920678
31,1.81619281984032,224.636397063577,0.140237293436686,2.80183352906282,1.5889615654256,0.428840316729794,16.9676812752232,405.04452553511,0.100569619729387,0.0357254212981839,0.00142612529296949,1.31203606526469,0.168541999798585,0.390597456598613,3.09940047319117e-05,4284.5808645336,0.102485737686297,1.2269254158953,0.00100216992619319,0.00983542272376062,0.00389077728885395,0.0929978300738068
19,1.87761842645726,112.802930355276,0.376685950625284,2.0828289689722,0.968294395487854,0.0941748519364574,13.8236584780866,448.631079638796,0.0877128985100228,0.104479357387289,0.00332411634689514,0.871466458164821,0.171659915804577,0.184086140725959,2.06370700794973e-05,4284.58086453359,0.0646441036391223,1.22692541504637,0.00100153183473413,0.0122655241540989,0.00183747886333343,0.0929984681652659
55,4.61077748042049,418.052917378313,0.106350563204664,2.57340072012891,3.33287897259655,0.654874769989401,12.6891733310616,116.03962398664,0.0717797010056937,0.0244757957918392,0.0063520560612645,1.2738699429645,0.170565346781631,0.764457567317036,3.00967934216319e-05,4284.58086453359,0.217953589680668,1.22692541270741,0.000997707517133148,0.0132635157723312,0.00758657949214216,0.0930022924828669
33,1.98923393459669,329.260487799286,0.0717303891053695,2.65146733966175,0.344281289388345,0.0686879863483655,33.8368920944864,131.321548647051,0.16220648310592,0.0317594891354488,0.0168012422487496,2.17495856978416,0.170933334694801,0.177999003613535,5.12796345957512e-05,4284.58086453359,0.0407398382406327,1.22692541095081,0.000972964176202823,0.0050262941701685,0.0017768273012432,0.0930270358237972
46,2.6055660349977,457.418347433879,0.338270549138719,0.181050217665455,1.2230025335039,0.822900149208455,19.5911238214104,56.4783440635901,0.0929166256068235,0.0380980177281009,0.034466345289793,0.908098737623411,0.201462474485862,0.0294136077583574,2.14982237281964e-05,4284.58086453359,0.111681367472802,1.22692541685136,0.000927491658520539,0.0101786836482119,0.000294049586991441,0.0930725083414795
12,2.14031306849931,432.868371221162,1.1521111840198,0.71856452720419,2.81386594986051,0.076059600196279,25.777102811213,173.413369812367,0.0652354882172288,0.0235107412152164,0.00614384495840743,5.16358535112402,0.327481845847735,0.180993480994372,0.000121536437679478,4284.58086453359,0.184706997446766,1.22692541372758,0.000879123846252156,0.0125449935384878,0.00180666486431589,0.0931208761537478
51,1.57444173967095,95.8813697316623,0.876761773147986,0.281078335371215,1.05133136086263,0.291525007977303,26.094103698921,47.5792423484398,0.110341049769957,0.0574174330153775,0.0064605783241521,2.40739114493962,0.185171210940114,0.0281264116631199,5.67436723958364e-05,4284.58086453359,0.0728209448362425,1.22692541685136,0.000862511896416293,0.00704628310998909,0.000281185029372303,0.0931374881035837
50,1.41170528608032,259.309716558601,0.160738791413219,1.70395301616629,0.808540584121082,1.97064934293916,28.9534738585613,117.824509096015,0.131285302909295,0.0397613213751124,0.00122566829386736,1.97597995333222,0.16818797174907,0.122053585495919,4.66020343007044e-05,4284.58086453359,0.0525944498934288,1.2269254076139,0.000847281131517015,0.00577535625298747,0.00121904796321118,0.093152718868483
69,4.25707253720904,60.1656302478746,0.0554653604253005,0.63081674215941,0.434727102815896,0.539558326709462,8.68277386753282,34.2270424282654,0.0545042783737017,0.139179841799384,0.0024252706778545,0.517360634063048,0.167747772032107,0.0258753164197263,1.23127308064478e-05,4284.58086453359,0.0298842222338441,1.22692541404508,0.000846358038355002,0.0189534333526982,0.000258686228317152,0.093153641961645
70,0.826886006798449,56.8731879848365,0.11896233495976,0.393397159372815,0.209424139240106,0.189904957712845,15.5342943812954,164.933766318969,0.0802015890144585,0.0779518542043259,0.0388961566709726,0.505408488518936,0.180817790975411,0.0586989718471612,1.20317591086924e-05,4284.58086453359,0.0917576944456851,1.22692541404508,0.000846063213546966,0.011505981566868,0.000586645363674746,0.093153936786453
84,1.76696115406372,57.279557531783,0.311048451694932,0.102554939081935,3.06826616153789,0.0630221756943849,30.1195133025274,136.816336009078,0.122259641588115,0.0209160784997166,0.00873750858113759,4.32094143012667,0.177416745854151,0.0284574922979665,0.000101727517983612,4284.58086453359,0.203218227712178,1.22692541404508,0.000843416160818038,0.00585593146139996,0.000284493963132018,0.093156583839182
49,0.520309588806878,53.1747523155493,0.470724825158599,0.696239660617379,0.441284046591137,1.48629273957377,19.8823530006296,184.401337571518,0.0726185530705483,0.0526744438280668,0.0474313495501059,9.79599862557963,0.231047212176834,0.127785389447824,0.000230435463485564,4284.58086453359,0.112564998172792,1.22692541404508,0.000836373322750858,0.011487227904396,0.00127622306786075,0.0931636266772491
41,0.854878488448719,188.807052900835,1.11200171493949,0.156776515903081,3.57628509756027,0.263097686499408,37.1217290538565,60.3678728030672,0.058089495102945,0.0220594111829367,0.046203807721638,2.13248879805166,0.432741691406714,0.0591697410631792,5.02812528585539e-05,4284.5808645336,0.270607387613666,1.22692540877398,0.000832870797987763,0.0115230406079227,0.000591347511840253,0.0931671292020122
97,4.66373143366891,318.872228236414,0.317442953951423,2.39825778034029,0.901694324185091,0.329295264575621,31.1867713691815,47.1422997249568,0.127253028483699,0.0479101422636593,0.00366225830386013,1.91364926548706,0.171249629446888,0.199335606595285,4.5136761051133e-05,4284.58086453359,0.0607212709734475,1.22692540810687,0.000826820944279889,0.00546111087349481,0.00198939050232749,0.0931731790557201
82,2.01960051648067,188.545315700098,0.0622735199024712,0.186130900935723,0.518788468471314,0.200203313898971,22.305740200685,42.6612815961139,0.107889340542853,0.0212623746048716,0.00591042820490152,5.39993713075834,0.168484962040643,0.00995677138445435,0.000127092608324663,4284.58086453359,0.0384960482729485,1.22692541404508,0.000802436988753488,0.00749680849153728,9.95578011018924e-05,0.0931975630112465
3,0.604515669296682,163.37356602624,0.210911066354533,2.1771334195245,0.843075990510343,1.09219197668621,23.8974487013211,293.838003798364,0.100225204230734,0.0795418128275358,0.0010155658980983,6.06204015228122,0.168331307543916,0.161818193265163,0.000142657362586215,4284.58086453359,0.054607785018103,1.22692541411967,0.000749382617182502,0.00699463335416133,0.00161556765026899,0.0932506173828175
60,1.05706397134311,186.571902095654,1.29650551957419,1.97509522895703,0.692514218680209,0.760195433289751,28.1905191652672,230.110814723031,0.0997469268645417,0.0364696427244226,0.00125210792409641,3.76239820632137,0.173627141562684,0.121726447523661,8.85972531050206e-05,4284.58086453359,0.0452269287472848,1.22692541365713,0.000719598530022715,0.00612135968008582,0.00121578454390177,0.0932804014699773
88,2.66916750938451,78.8675070553126,0.438659028717075,1.75817184416148,4.99001589180639,0.0521548578475703,30.2457632716177,53.5010702671679,0.0613094459699467,0.0800105223603886,0.00290906278174524,5.88760558550926,0.24905159043854,0.765908439952505,0.000138556745194249,4284.58086453359,0.320453387458235,1.22692541371675,0.000715464993842687,0.00816701434539374,0.00760086870460676,0.0932845350061573
10,1.71684581564459,50.262370877259,0.472633318631971,1.72209604535066,2.24705371130935,0.265627566477048,13.5448933157946,136.054934617866,0.0501238601380955,0.0409505269451563,0.0109646748836504,5.99030011081709,0.18439938192908,0.361239063680464,0.000140970893744948,4284.58086453359,0.153017050658436,1.22692541402132,0.000695867975381459,0.0134310911704616,0.0035993882404267,0.0933041320246185
8,2.98396254119904,183.06985851582,0.118406861297934,0.135803865937911,0.26345747576325,0.154151637581397,19.6162282912112,30.0201702035668,0.0726555805161541,0.131066595288588,0.0373802896734715,4.50867270066721,0.180255758489791,0.0195434263977598,0.000106140715031706,4284.58086453359,0.0884012142740165,1.22692541404508,0.000636285533225336,0.00910544306944815,0.000195396076889127,0.0933637144667747
29,1.70922322378733,103.733769966314,1.00985853930748,0.27017407041801,0.746400832214061,0.0699240520656162,28.371713021732,82.5513941578527,0.0537620057276627,0.0217261643322659,0.0418364804806959,1.53002371574424,0.288030769694909,0.0447565415411234,3.61184704538414e-05,4284.58086453359,0.100841958796267,1.22692541404508,0.000606133207603348,0.0100500120235223,0.000447365190224031,0.0933938667923967
27,1.56990521615554,61.950480080955,0.109205398835998,2.36844023252579,0.520000144255466,0.556499561467584,37.8523712966571,487.218595853996,0.108102151754795,0.0442190010016186,0.00174220380026617,1.15613063513174,0.167975042795418,0.112269691521198,2.7328971272029e-05,4284.58086453359,0.0346760146090372,1.22692541527938,0.000593693592251042,0.00441803031712826,0.0011214378803631,0.093406306407749
11,1.13682078055364,128.70787799469,0.414679721339206,0.743064230222612,2.02799890973552,0.214654757164661,39.8335879124798,450.024921002791,0.0759777848981045,0.086101314302563,0.0342963539893453,3.04865226120788,0.209641325077381,0.168865664060906,7.1818474083622e-05,4284.58086453359,0.161419541423633,1.22692541518193,0.000555094166523852,0.00523537509509235,0.00168580988654933,0.0934449058334761
39,0.899657799523384,235.254618215807,1.35469628796929,1.7752309144444,0.708407614928761,0.0669289037713063,30.85524015854,36.8285007726736,0.0614147552434045,0.0726198653972053,0.00350455079084257,0.88011373686911,0.182554541491576,0.117520046431264,2.08403507848687e-05,4284.58086453359,0.04828438481621,1.22692541576008,0.000451653951822024,0.00588168532126382,0.00117382098934095,0.093548346048178
28,1.83565992558505,430.635183851643,0.187563590447356,1.75285787272218,2.04604291693274,0.797432803235693,40.3734060528877,30.201390696186,0.0666513182206176,0.0447114020783214,0.0140393727622793,2.108377663808,0.175951117217305,0.345175697077182,4.97144469843651e-05,4284.58086453359,0.143074064752158,1.2269254169529,0.000443163753301551,0.00433918388592914,0.00343988332951054,0.0935568362466984
16,4.14024862483749,364.417967351913,0.16098423607573,0.241523452021662,2.18109190514678,0.787566706698708,39.6881770068922,279.435090163325,0.0634922347784765,0.0357131910722622,0.00214165212715956,5.23744928980088,0.169328023938712,0.0462791702721964,0.000123272835215851,4284.58086453359,0.140841174316623,1.22692541685136,0.000347276401536717,0.00424833475672227,0.000462577625634956,0.0936527235984633
100,1.26133378401136,399.342485267006,0.399974821416517,1.04878357615093,0.582813288439764,0.0709492801718843,41.9853588684228,198.155010734329,0.0513614972495492,0.0251195278882438,0.0275658403721569,1.9067576647791,0.199110904517638,0.115800728660689,4.49747529213685e-05,4284.58086453359,0.0669492776340763,1.22692541387316,0.00033625433997761,0.00472000491150796,0.00115666785680054,0.0936637456600224
73,1.04199691520212,357.556743137142,0.0626313305712493,0.18573945715988,0.949302310483607,0.174148839325209,29.5751836663078,347.262663567265,0.0517464281364682,0.105374416302177,0.00480555040744941,3.74401858757271,0.168424922968606,0.016506306739708,8.81651840146125e-05,4284.58086453359,0.0648044875839884,1.22692541685136,0.000321672634073969,0.00566255847749858,0.000165035826077398,0.093678327365926
92,2.99410650805037,167.923616970221,0.133448355698121,0.556995664748225,1.11026440994472,0.0688876444586836,39.4319011850757,146.640537893593,0.0555981463478649,0.0775722148412928,0.01163596516855,0.621952318384332,0.172237034989992,0.0628979384507301,1.47714778994524e-05,4284.58086453359,0.0814145457989792,1.22692541685136,0.000310468772260556,0.00434896560639533,0.000628584018118474,0.0936895312277394
20,0.558877700100695,88.0327262604229,0.182584689368034,0.171749444108043,0.532280739942396,0.0533437414726286,49.5174075884552,288.382045519514,0.0583905825118395,0.115418360704839,0.00875436695104967,1.76683490587324,0.172105755261851,0.0101723288690378,4.1685440982756e-05,4284.58086453359,0.0421212595431448,1.22692541404508,0.000275222935725131,0.00346362328146271,0.000101712942115404,0.0937247770642749
