"P_peak","K_peak","L_peak"
291.131709699677,53.0417228727772,183.40106959202
291.131709699677,53.0417228727772,183.40106959202
291.131709699677,53.0417228727772,183.40106959202
291.131709699677,53.0417228727772,183.40106959202
291.131709699677,53.0417228727772,183.40106959202
291.131709699677,53.0417228727772,183.40106959202
291.131709699677,53.0417228727772,183.40106959202
291.131709699677,53.0417228727772,183.40106959202
291.131709699677,53.0417228727772,183.40106959202
291.131709699677,53.0417228727772,183.40106959202
