"parameter","perturbation_pct","arm","V_peak","V_AUC","K_peak","L_peak","C_pro_max","mortality_prob","S_V_peak","S_V_AUC","S_K_peak","S_L_peak","S_C_pro_max","S_mortality"
"beta",-10,"placebo",34214000.959705,391239938.522914,53.1700051702023,183.795354952174,0.376473248184297,0.0957901434270568,-0.00919157814613384,0.0429513391242218,-0.0237559443831788,-0.0215186051262996,-0.00254099444053767,0.00488032728857031
"p",-10,"placebo",30795936.0356879,352232291.046004,47.8696222556372,165.418401732648,0.376463081357035,0.0926326895742122,0.99075188626546,1.03569519227033,0.975486853831836,0.980492455724182,-0.00227087137879601,0.334341459626029
"c",-10,"placebo",37838695.5866435,436517450.872292,58.7670726276959,203.283303930492,0.376309206400807,0.0988668194521922,-1.06958387123202,-1.10936045043444,-1.0789305304787,-1.08410717442279,0.00181744184164066,-0.316152129342082
"delta_natural",-10,"placebo",34371864.7244914,403789068.9544,53.685714020466,185.750089145034,0.378306398507997,0.0962733822913442,-0.0553740946794933,-0.276423780986792,-0.120978798450118,-0.128101304601598,-0.0512460786669005,-0.0455427131856892
"delta_NK",-10,"placebo",34182590.0232935,392928224.681847,53.0440272954981,183.400826079198,0.376377692275858,0.095836938490497,-2.41372883527816e-06,-1.55100717917434e-05,-6.24817033702766e-06,-6.75330709940208e-06,-2.16360453885337e-06,-2.45336550551422e-06
"delta_CD8",-10,"placebo",34218138.1778505,398465502.574706,53.2293472127229,184.102328050148,0.376724565066189,0.0959941628184795,-0.0104019074808085,-0.140939122410932,-0.0349432698228403,-0.0382564416914387,-0.00921824820517448,-0.0164078570680627
"k_CC",-10,"placebo",34182581.7721769,392927615.225373,53.0439941509164,183.400702216897,0.376377560033871,0.0958369149671555,1.07733186923854e-10,5.83339649938762e-10,3.3757615296352e-10,3.36670441033877e-10,1.34994099349227e-06,1.15230761266501e-09
"K_CC",-10,"placebo",34182581.7725204,392927615.31182,53.0439941527845,183.400702223278,0.376377730008904,0.0958369150046592,7.23423326117855e-12,-1.61672569342085e-09,-1.46076264754065e-11,-1.12617105565675e-11,-3.16613616875221e-06,-2.7609809269341e-09
"d_C",-10,"placebo",34182581.7613042,392927615.322672,53.0440010153769,183.400719506438,0.417813506033374,0.0958464849492033,3.28850283799465e-09,-1.89291441758059e-09,-1.29376944180392e-06,-9.4238281717686e-07,-1.10091285977349,-0.000998568349850925
"k_CD8_I",-10,"placebo",34265107.8756474,407621411.04856,53.4399792551226,184.90508901872,0.377219325578653,0.0961988080331185,-0.0241427355169857,-0.373956811128705,-0.0746522030893065,-0.0820273192748772,-0.0223635708335894,-0.0377613422763055
"k_neut_IgG",-10,"placebo",34183557.6649106,392961372.74445,53.0464328890175,183.409598180903,0.376377628976022,0.0958385110319235,-0.000285494048397684,-0.000859127606344715,-0.000459757291930154,-0.000485055821702036,-4.81787274781023e-07,-0.000166538512329321
"k_KP",-10,"placebo",34182581.7725451,392927615.248294,47.759003003045,183.400702223071,0.376377610842627,0.0931059495633323,0,0,0.996341100266161,0,0,0.284959654167479
"k_LP",-10,"placebo",34182581.7716444,392927615.224724,53.0439941504798,174.222354466699,0.376377610827572,0.0956276104885863,2.63496974674262e-10,5.99865161890188e-10,4.19870470479944e-10,0.500453250457497,4.0001378883651e-10,0.021839652253011
"d_K",-10,"placebo",34182581.7725451,392927615.248294,58.5040275971821,183.400702223071,0.376377610842627,0.0983207474374465,0,0,-1.02934055621006,0,0,-0.259172831242816
"d_L",-10,"placebo",34182581.772121,392927615.244035,53.0439941525219,201.486334921973,0.376377610835086,0.0962142808328741,1.24095762727309e-10,1.08398802876534e-10,3.48922012316725e-11,-0.986126687612321,2.00366764944828e-10,-0.0393758349547378
"EC50_RBV",-10,"placebo",34182581.7725451,392927615.248294,53.043994152707,183.400702223071,0.376377610842627,0.0958369149781989,0,0,0,0,0,0
"Emax_RBV",-10,"placebo",34182581.7725451,392927615.248294,53.043994152707,183.400702223071,0.376377610842627,0.0958369149781989,0,0,0,0,0,0
"CL_RBV",-10,"placebo",34182581.7725451,392927615.248294,53.043994152707,183.400702223071,0.376377610842627,0.0958369149781989,0,0,0,0,0,0
"beta",-25,"placebo",34190583.2014602,384278282.302935,53.3138302091745,184.217572652262,0.375820483963327,0.0955774126271969,-0.000936316509774866,0.0880501406336024,-0.0203480948806857,-0.0178160807300897,0.00592093539307541,0.0108309976823013
"p",-25,"placebo",25651431.6977399,289129033.097079,40.0330042348007,138.193871271777,0.375859840835957,0.0867180182371844,0.998303771385377,1.05666874124512,0.981147074290767,0.98596854653934,0.0055026653207272,0.380600596047517
"c",-25,"placebo",45001132.4475633,522289350.845959,70.1726843694173,242.941355919766,0.37610220252451,0.103799186631637,-1.26597233023603,-1.31690144013848,-1.29165915880308,-1.29859161878835,0.00292693624894764,-0.332325874857285
"delta_natural",-25,"placebo",34659956.6953953,420877821.720459,54.6860515430846,189.42683720904,0.38124008886408,0.0969350357547825,-0.0558617749854736,-0.284532879721401,-0.123826074307328,-0.131431012268193,-0.0516765916077336,-0.0458328933828263
"delta_NK",-25,"placebo",34182602.3994204,392929138.82476,53.0440770097361,183.401011863596,0.37637781442574,0.0958369737593511,-2.4137293501097e-06,-1.5509996314418e-05,-6.24817421471287e-06,-6.75331165057747e-06,-2.16360491937221e-06,-2.45338248781633e-06
"delta_CD8",-25,"placebo",34271559.3909751,407065615.986039,53.5125990198445,185.185237309036,0.377245751419586,0.0962324434702071,-0.0104120419015739,-0.143924735132814,-0.0353370725280149,-0.0389210087929641,-0.00922627225370853,-0.0165083983389177
"k_CC",-25,"placebo",34182581.7816381,392927615.759659,53.0439941851423,183.400702335545,0.376377483967147,0.0958369149784062,-1.06404476891913e-09,-5.20568249742845e-09,-2.44591812308689e-09,-2.45306245946591e-09,1.34838499268387e-06,-8.65478215660572e-12
"K_CC",-25,"placebo",34182581.7752259,392927615.340417,53.0439941589106,183.400702245566,0.376378005999567,0.0958369150605078,-3.13693268230043e-10,-9.37803234755809e-10,-4.67810008107375e-10,-4.90600218224872e-10,-4.19957965685722e-06,-3.43537624172656e-09
"d_C",-25,"placebo",34182581.7559177,392927615.296724,53.0440147620283,183.400754096187,0.500458516434348,0.0958655841560681,1.94571798295542e-09,-4.93008173805964e-10,-1.55413042519604e-06,-1.13136133335376e-06,-1.31868529920183,-0.00119658183386793
"k_CD8_I",-25,"placebo",34388865.1575093,430407246.945144,54.05103727486,187.244946856645,0.378475747361835,0.0967386029751936,-0.024139005805559,-0.381542352763027,-0.0759402181708914,-0.083843618633419,-0.022298207531637,-0.0376342663868049
"k_neut_IgG",-25,"placebo",34185021.6009259,393012025.014095,53.0500914402579,183.422943854359,0.376377656068611,0.0958409053016997,-0.000285505453857585,-0.000859290744908089,-0.000459790982806614,-0.000485093699590994,-4.80644781431326e-07,-0.000166546408626863
"k_KP",-25,"placebo",34182581.7725451,392927615.248294,39.831516278552,183.400702223071,0.376377610842627,0.0881830081813313,0,0,0.996341100266163,0,0,0.319455474901656
"k_LP",-25,"placebo",34182581.7706725,392927615.208771,53.0439941490243,160.454832839303,0.376377610810668,0.0952841453126164,2.19136891718099e-10,4.0234448846467e-10,2.7770752255167e-10,0.50045325030128,3.39648162786442e-10,0.0230712629140096
"d_K",-25,"placebo",34182581.7725451,392927615.248294,69.0937036971399,183.400702223071,0.376377610842627,0.102329498362109,0,0,-1.21029419453051,0,0,-0.270984657024346
"d_L",-25,"placebo",34182581.7715011,392927615.10052,53.0439941522483,236.166342172762,0.37637761082386,0.0968191109947378,1.22177677379362e-10,1.50434584101565e-09,3.45932170749268e-11,-1.15082743544813,1.99456174522261e-10,-0.0409944755322031
"EC50_RBV",-25,"placebo",34182581.7725451,392927615.248294,53.043994152707,183.400702223071,0.376377610842627,0.0958369149781989,0,0,0,0,0,0
"Emax_RBV",-25,"placebo",34182581.7725451,392927615.248294,53.043994152707,183.400702223071,0.376377610842627,0.0958369149781989,0,0,0,0,0,0
"CL_RBV",-25,"placebo",34182581.7725451,392927615.248294,53.043994152707,183.400702223071,0.376377610842627,0.0958369149781989,0,0,0,0,0,0
"beta",-50,"placebo",0,0,0,0,0,0,2,2,2,2,2,2
"p",-50,"placebo",0,0,0,0,0,0,2,2,2,2,2,2
"c",-50,"placebo",65570648.3692132,773468076.141601,104.087358200808,360.959843700713,0.375334137564336,0.113289009920315,-1.8364947858841,-1.93694943356343,-1.92456713953908,-1.93629729139941,0.00554482120206482,-0.364204021928012
"delta_natural",-50,"placebo",35161010.6823544,451645727.037119,56.4751109145567,195.997881500397,0.386403920876358,0.0980610939597605,-0.0572472211911792,-0.298874955641489,-0.129368718048342,-0.137373293827452,-0.0532779301685023,-0.046415913577093
"delta_NK",-50,"placebo",34182623.0263116,392930662.397523,53.0441598669365,183.401321504815,0.376378018008994,0.0958370325410553,-2.41373028474038e-06,-1.55099774646552e-05,-6.24818067019874e-06,-6.75331921747995e-06,-2.16360567274051e-06,-2.45339400802529e-06
"delta_CD8",-50,"placebo",34360826.2406102,422227019.081268,54.0010893230434,187.051399729995,0.378116413040968,0.0966363676614067,-0.0104289646259703,-0.149133849065095,-0.0360868439726105,-0.0398111617095415,-0.00923966861072301,-0.0166836063825663
"k_CC",-50,"placebo",34182581.7756376,392927615.413801,53.0439941631225,183.400702259659,0.37637735687112,0.0958369149364523,-1.80939965727681e-10,-8.42429156564178e-10,-3.92710331746331e-10,-3.98989062054017e-10,1.34955693170196e-06,8.71198932831614e-10
"K_CC",-50,"placebo",34182581.7718429,392927615.25419,53.0439941517596,183.400702219081,0.376379134905938,0.095836915279906,4.10858240815196e-11,-3.0007138068289e-11,3.57219090573365e-11,4.35200722743875e-11,-8.09858645492725e-06,-6.29626250135732e-09
"d_C",-50,"placebo",34182581.7680163,392927615.305091,53.0440562116052,183.400858241985,0.744737493002262,0.0959223351334967,2.64977823748575e-10,-2.89092397270035e-10,-2.33990291159748e-06,-1.70139930384186e-06,-1.95739529423633,-0.00178261487898016
"k_CD8_I",-50,"placebo",34595126.7772913,470467826.284273,55.1263733652599,191.378412535525,0.38055663350394,0.0976342456857843,-0.0241377323393115,-0.394679366004757,-0.0785151738972742,-0.0869975983270759,-0.0222065422645991,-0.037508108602918
"k_neut_IgG",-50,"placebo",34187461.7542312,393096488.048734,53.0561902173248,183.4451912758,0.376377700936274,0.0958448962066895,-0.000285524464977948,-0.000859561883085384,-0.000459847144343183,-0.000485156841704801,-4.78740734497933e-07,-0.000166558543593539
"k_KP",-50,"placebo",34182581.7725451,392927615.248294,26.619038404397,183.400702223071,0.376377610842627,0.07663838562701,0,0,0.996341100266163,0,0,0.400649986606021
"k_LP",-50,"placebo",34182581.766267,392927615.368584,53.0439941578165,137.508963491038,0.376377610616441,0.0946163887158182,3.67329037557484e-10,-6.12273403368091e-10,-1.92651084375706e-10,0.500453249914114,1.20190944851345e-09,0.0254709004908666
"d_K",-50,"placebo",34182581.7725451,392927615.248294,98.3118599138887,183.400702223071,0.376377610842627,0.109862577027464,0,0,-1.70680456795396,0,0,-0.292698529631425
"d_L",-50,"placebo",34182581.7705185,392927615.256156,53.0439941518224,329.381727257212,0.376377610805667,0.0979427145935683,1.18576036210103e-10,-4.00158885598908e-11,3.33528078941633e-11,-1.5919352899378,1.96399634853122e-10,-0.043945480003159
"EC50_RBV",-50,"placebo",34182581.7725451,392927615.248294,53.043994152707,183.400702223071,0.376377610842627,0.0958369149781989,0,0,0,0,0,0
"Emax_RBV",-50,"placebo",34182581.7725451,392927615.248294,53.043994152707,183.400702223071,0.376377610842627,0.0958369149781989,0,0,0,0,0,0
"CL_RBV",-50,"placebo",34182581.7725451,392927615.248294,53.043994152707,183.400702223071,0.376377610842627,0.0958369149781989,0,0,0,0,0,0
"beta",10,"placebo",34133644.9385153,392953617.700808,52.9203513990944,182.998927943271,0.376048405454078,0.0958531772626894,-0.0143163071635277,0.000661761899756166,-0.0233094727476009,-0.0219069106568653,-0.00874667831097737,0.00169687061548432
"p",10,"placebo",37548025.9782132,432499022.753744,58.1943673399865,201.306331674238,0.376100357541097,0.0986110537104672,0.984549449208413,1.00709153466965,0.970962550906743,0.976311935239351,-0.00736636010069223,0.289464527619597
"c",10,"placebo",31152700.4914015,356825015.3144,48.3500071199999,167.091952749993,0.376336537435028,0.092986034625398,-0.886381637672908,-0.918810450904054,-0.884923374961866,-0.88924138650474,-0.00109128190455686,-0.297472049621937
"delta_natural",10,"placebo",33995486.5231801,382469879.311008,52.4225729712651,181.124445587471,0.374470062836166,0.0954044890831196,-0.0547340896044571,-0.26614917179283,-0.117152034149781,-0.124113845149366,-0.0506817608568812,-0.0451210157565739
"delta_NK",10,"placebo",34182573.5217995,392927005.8294,53.0439610099433,183.400578367056,0.376377529409422,0.095836891465888,-2.41372804842723e-06,-1.5509698751141e-05,-6.2481651771398e-06,-6.7533010679479e-06,-2.16360387368285e-06,-2.45336683483593e-06
"delta_CD8",10,"placebo",34147071.4800262,387540095.925027,52.8628326425562,182.70269023905,0.376031058689217,0.0956812712677552,-0.0103884173393544,-0.137112259718951,-0.034153067287749,-0.0380593953873077,-0.00920756557847249,-0.0162404758624654
"k_CC",10,"placebo",34182581.7742649,392927615.394988,53.0439941599834,183.400702248174,0.376377661672466,0.0958369150022738,5.03109427481698e-10,3.73335343265193e-09,1.3717679771925e-09,1.36870308063596e-09,1.35050112754224e-06,2.51207919259962e-09
"K_CC",10,"placebo",34182581.7751166,392927615.488433,53.0439941639906,183.400702262039,0.376377522714443,0.095836914972853,7.5226217525273e-10,6.11152538600244e-09,2.12722003338957e-09,2.12474555146961e-09,-2.3414831819023e-06,-5.57802505591195e-10
"d_C",10,"placebo",34182581.7459902,392927615.193933,53.0439885346484,183.400688061916,0.342356741236553,0.0958290677405785,-7.76855080912832e-09,-1.38350117662299e-09,-1.05913188504062e-06,-7.72142949595241e-07,-0.90390258681725,-0.000818811584467028
"k_CD8_I",10,"placebo",34099994.5771625,378618647.377411,52.6583125147736,181.929848320093,0.375531770180388,0.0954736366923959,-0.0241606078593476,-0.364162947973026,-0.0727097655623425,-0.0801989242761675,-0.0224731928221113,-0.037905882705594
"k_neut_IgG",10,"placebo",34181605.9318205,392893866.275229,53.0415556531525,183.39180718617,0.376377592646615,0.0958353190207733,-0.000285478941034369,-0.000858910693874972,-0.000459712658044146,-0.000485005607571065,-4.83450968024404e-07,-0.000166528464096538
"k_KP",10,"placebo",34182581.7725451,392927615.248294,58.328985302369,183.400702223071,0.376377610842627,0.0982248551133852,0,0,0.996341100266164,0,0,0.24916704964153
"k_LP",10,"placebo",34182581.7730516,392927615.270469,53.0439941532161,192.579049973963,0.376377610851218,0.0960323323783931,1.48161194916725e-10,5.643521491956e-10,9.59749859431382e-11,0.50045325015866,2.28244931720587e-10,0.0203906188172551
"d_K",10,"placebo",34182581.7725451,392927615.248294,48.4963254537269,183.400702223071,0.376377610842627,0.0934916391846555,0,0,-0.857339039343069,0,0,-0.244715284718509
"d_L",10,"placebo",34182581.7726526,392927615.255089,53.0439941514655,168.218077434513,0.376377610845089,0.095478545901712,3.14369829243682e-11,1.72923236176135e-10,-2.34046191016595e-10,-0.827838967055422,6.5409417963079e-11,-0.0373936365301817
"EC50_RBV",10,"placebo",34182581.7725451,392927615.248294,53.043994152707,183.400702223071,0.376377610842627,0.0958369149781989,0,0,0,0,0,0
"Emax_RBV",10,"placebo",34182581.7725451,392927615.248294,53.043994152707,183.400702223071,0.376377610842627,0.0958369149781989,0,0,0,0,0,0
"CL_RBV",10,"placebo",34182581.7725451,392927615.248294,53.043994152707,183.400702223071,0.376377610842627,0.0958369149781989,0,0,0,0,0,0
"beta",25,"placebo",34052093.5094994,389876428.268538,52.7464924545184,182.444546515534,0.375551127935495,0.0958476552114589,-0.015269562014253,-0.0310610592012343,-0.0224343360971007,-0.0208539159544675,-0.00878355017220326,0.000448271243392531
"p",25,"placebo",42563585.7779381,489045738.028757,65.887971572557,228.066749403682,0.375537871743969,0.102149031359421,0.980733879162337,0.978481725899812,0.968552811681094,0.974173962022965,-0.00892443200092216,0.263452402768121
"c",25,"placebo",27465474.1275265,312831717.634253,42.6956453710214,147.453941511199,0.376039847040415,0.0889975531568325,-0.786026952523956,-0.815375601060035,-0.780359695530769,-0.784004865328162,-0.00358962693297354,-0.2854583465222
"delta_natural",25,"placebo",33723409.6704562,367503098.329627,51.5253177218154,177.84160602988,0.371647888171645,0.0947629055808973,-0.0537317052461771,-0.258821380142516,-0.114522026868456,-0.12124481805811,-0.0502657175637313,-0.044826542989028
"delta_NK",25,"placebo",34182561.1456859,392926091.727028,53.0439112958493,183.400392583241,0.376377407259656,0.0958368562036677,-2.41372748346392e-06,-1.550943438148e-05,-6.24816129088158e-06,-6.7532965068544e-06,-2.16360341912508e-06,-2.45310613891914e-06
"delta_CD8",25,"placebo",34093892.3634179,379729964.377483,52.5931541600477,181.690323138247,0.37551198327168,0.0954492171404093,-0.0103783160344502,-0.134351980961906,-0.0339974392849382,-0.0373036540011433,-0.0091995649689067,-0.0161815658560273
"k_CC",25,"placebo",34182581.7719776,392927615.230078,53.0439941504833,183.400702215293,0.376377737840985,0.0958369150018977,-6.6409345887794e-11,-1.85445551318326e-10,-1.67686175194399e-10,-1.69656189565847e-10,1.34969088967079e-06,9.89131200186886e-10
"K_CC",25,"placebo",34182581.7814998,392927615.756855,53.0439941845634,183.400702333527,0.376377428082786,0.0958369149672663,1.0478578722964e-09,5.17713920358938e-09,2.40225947062132e-09,2.40904896093017e-09,-1.94230300157819e-06,-4.56298511486944e-10
"d_C",25,"placebo",34182581.7672827,392927615.597507,53.0439818396378,183.400671214323,0.301420874863722,0.0958196341793333,-6.1580478838639e-10,3.55497771803279e-09,-9.28517499686622e-07,-6.76305998869696e-07,-0.796612060011683,-0.00072125856177581
"k_CD8_I",25,"placebo",33975881.5680177,358379130.972477,52.0949247966877,179.788529840474,0.374253215725445,0.0949248933848827,-0.024187781473365,-0.351703295315456,-0.0715684684895377,-0.0787820840119473,-0.0225772740565069,-0.0380655655922814
"k_neut_IgG",25,"placebo",34180142.2686532,392843258.75793,53.0378983524779,183.378466373941,0.37637756525242,0.0958329252626022,-0.000285467482614389,-0.000858748401397484,-0.000459678825207812,-0.000484967589792043,-4.8451561665959e-07,-0.000166521036181304
"k_KP",25,"placebo",34182581.7725451,392927615.248294,66.256472026862,183.400702223071,0.376377610842627,0.101293535508165,0,0,0.996341100266164,0,0,0.227746084322842
"k_LP",25,"placebo",34182581.7737938,392927615.294764,53.0439941539068,206.346571600338,0.376377610863076,0.0963023290425423,1.46111895093839e-10,4.73061665475535e-10,9.04748562496015e-11,0.500453250159467,2.17320501432361e-10,0.0194252523445404
"d_K",25,"placebo",34182581.7725451,392927615.248294,42.9448932130188,183.400702223071,0.376377610842627,0.0902109916475542,0,0,-0.76156413942843,0,0,-0.234812371910112
"d_L",25,"placebo",34182581.7733423,392927615.216858,53.0439941516396,149.534687335052,0.376377610856111,0.094973849590541,9.32791060416068e-11,-3.20022743211799e-10,-8.04953223438905e-11,-0.738623450783253,1.43298673826368e-10,-0.0360222525048608
"EC50_RBV",25,"placebo",34182581.7725451,392927615.248294,53.043994152707,183.400702223071,0.376377610842627,0.0958369149781989,0,0,0,0,0,0
"Emax_RBV",25,"placebo",34182581.7725451,392927615.248294,53.043994152707,183.400702223071,0.376377610842627,0.0958369149781989,0,0,0,0,0,0
"CL_RBV",25,"placebo",34182581.7725451,392927615.248294,53.043994152707,183.400702223071,0.376377610842627,0.0958369149781989,0,0,0,0,0,0
"beta",50,"placebo",33906846.9105271,378056136.209872,52.5027511548657,181.647384442031,0.374505010726751,0.0958018507573232,-0.0161330623797104,-0.075695769201788,-0.0204073243912632,-0.0191200770748158,-0.0099506456384774,-0.000731747696252558
"p",50,"placebo",50860552.8054226,573866209.100017,78.6618300561527,272.494352245887,0.374461896433988,0.106833903109096,0.975816931784415,0.920976723600278,0.965909008650261,0.971573706565749,-0.0101797469001959,0.229493783964113
"c",50,"placebo",22873211.2692511,257378376.470976,35.7222995358644,123.248461064127,0.375040009508508,0.0829486913405749,-0.661703705035969,-0.689945086662661,-0.653106723712231,-0.655965221831926,-0.00710776250013881,-0.268961571656511
"delta_natural",50,"placebo",33286770.47959,344391273.81492,50.1167469699408,172.68418132058,0.367046102495523,0.0937120845594533,-0.0524133196793629,-0.247049784997695,-0.110370541642812,-0.116864556924728,-0.0495858843793221,-0.0443426297524064
"delta_NK",50,"placebo",34182540.5188427,392924568.178835,53.0438284391628,183.400082944105,0.376377203676828,0.0958367974180334,-2.41372654273024e-06,-1.55095714394707e-05,-6.24815483110918e-06,-6.75328893313322e-06,-2.1636026545477e-06,-2.45333784925109e-06
"delta_CD8",50,"placebo",34006590.5713083,367397786.896025,52.160589978316,180.046930082676,0.374648860660114,0.0950697182245665,-0.0102971274907172,-0.129946724849751,-0.0333083580338141,-0.0365731657484782,-0.00918625408478965,-0.0160104643144418
"k_CC",50,"placebo",34182581.774614,392927615.460045,53.0439941625269,183.400702256785,0.376377864891183,0.0958369150384565,1.21048622595002e-10,1.07780954426211e-09,3.70256514411956e-10,3.67644096813703e-10,1.34996635610507e-06,1.25750474631086e-09
"K_CC",50,"placebo",34182581.7735566,392927615.256069,53.0439941538907,183.400702227831,0.376377328614172,0.0958369149229132,5.91812156254498e-11,3.95717293989419e-11,4.46300830680425e-11,5.19008801304378e-11,-1.49970905328537e-06,-1.15374351180611e-09
"d_C",50,"placebo",34182581.7543161,392927615.22222,53.0439736085204,183.400650435144,0.251374314593331,0.0958080968982834,-1.06657097450807e-09,-1.32717123713297e-10,-7.7460933932056e-07,-5.64751680780973e-07,-0.664244060476609,-0.000601398321763112
"k_CD8_I",50,"placebo",33767811.693664,330237086.118525,51.1902558987802,176.372161364506,0.37208620066385,0.0940097324823649,-0.0242679199389391,-0.319094544119303,-0.0698943691378198,-0.0766468260303263,-0.0228037484438538,-0.0381310791619192
"k_neut_IgG",50,"placebo",34177703.0898669,392758955.525654,53.031804042031,183.356236315098,0.376377519308669,0.0958289361451753,-0.000285448460900091,-0.000858477317933073,-0.000459622653636253,-0.000484904446216243,-4.86394280036899e-07,-0.000166508553105526
"k_KP",50,"placebo",34182581.7725451,392927615.248294,79.468949901017,183.400702223071,0.376377610842627,0.105383890678007,0,0,0.996341100266164,0,0,0.199233785895129
"k_LP",50,"placebo",34182581.7750032,392927615.075939,53.0439941549323,229.292440977856,0.376377610880491,0.0966997424051698,1.43821526816995e-10,-8.77289886337973e-10,8.39044382888616e-11,0.500453250162219,2.01200661648617e-10,0.018006160301952
"d_K",50,"placebo",34182581.7725451,392927615.248294,36.0267483829399,183.400702223071,0.376377610842627,0.0853015045534063,0,0,-0.641627616531916,0,0,-0.219861217928168
"d_L",50,"placebo",34182581.7746795,392927615.057595,53.043994151952,126.0281977639,0.376377610874396,0.0942113303055391,1.24882177719968e-10,-9.70659180557233e-10,-2.84656493033451e-11,-0.625651960583977,1.68815264015451e-10,-0.0339239774783979
"EC50_RBV",50,"placebo",34182581.7725451,392927615.248294,53.043994152707,183.400702223071,0.376377610842627,0.0958369149781989,0,0,0,0,0,0
"Emax_RBV",50,"placebo",34182581.7725451,392927615.248294,53.043994152707,183.400702223071,0.376377610842627,0.0958369149781989,0,0,0,0,0,0
"CL_RBV",50,"placebo",34182581.7725451,392927615.248294,53.043994152707,183.400702223071,0.376377610842627,0.0958369149781989,0,0,0,0,0,0
"beta",-10,"ribavirin",32959714.396399,158841194.601765,13.8072977987079,48.7249040449448,0.371281366783011,0.0449374234666926,0.357745761944858,0.789226786418071,3.52025618293521,2.57879474851713,0.135402423332431,1.98704060662914
"p",-10,"ribavirin",29945397.1819049,144467391.077019,13.2331900480091,45.5600115296199,0.373202895076198,0.0432558856360129,1.23957418396158,1.62272495302998,3.7896840754999,3.06083401397043,0.084349219373655,2.28688188181129
"c",-10,"ribavirin",37838695.5866435,198781475.83571,27.6003241926626,83.7676976376319,0.376309206400807,0.0641668255975089,-1.06958387123202,-1.52680258779357,-2.95279008562603,-2.75851209557222,0.00181744184164066,-1.44182572673411
"delta_natural",-10,"ribavirin",34371864.7244914,176084762.730266,21.4552175275926,66.0870236720647,0.378306398507997,0.0563888248997427,-0.0553740946794933,-0.210681303059459,-0.0689008917595059,-0.0655994453596897,-0.0512460786669005,-0.0549014452606686
"delta_NK",-10,"ribavirin",34182590.0232935,172452049.96573,21.3084031365158,65.656330870306,0.376377692275858,0.0560809527305152,-2.41372883527816e-06,-3.00704990694759e-05,-1.12174621459124e-06,-1.37503328707269e-06,-2.16360453885337e-06,-3.61178345125128e-06
"delta_CD8",-10,"ribavirin",34218138.1778505,174169505.129912,21.3197131570003,65.697472664891,0.376724565066189,0.0561500190285887,-0.0104019074808085,-0.0996206714224389,-0.00530889712509578,-0.00626761009343769,-0.00921824820517448,-0.0123190807004371
"k_CC",-10,"ribavirin",34182581.7721769,172451531.344713,21.3084007213124,65.6563217817709,0.376377560033871,0.0560809324354549,1.07733186923854e-10,2.93740625156822e-09,1.17050927555616e-08,9.22566866958005e-09,1.34994099349227e-06,7.10436020430869e-09
"K_CC",-10,"ribavirin",34182581.7725204,172451531.402818,21.3084007504629,65.6563218525395,0.376377730008904,0.0560809324967174,7.23423326117855e-12,-4.31950973018851e-10,-1.97519862885766e-09,-1.55297240836563e-09,-3.16613616875221e-06,-3.81959590016577e-09
"d_C",-10,"ribavirin",34182581.7613042,172451531.353703,21.3084055499248,65.6563304835238,0.417813506033374,0.0560870920791118,3.28850283799465e-09,2.41606984321074e-09,-2.25435534722518e-06,-1.31612315682689e-06,-1.10091285977349,-0.00109834190395929
"k_CD8_I",-10,"ribavirin",34265107.8756474,177321867.098529,21.5298980080379,66.2252218138794,0.377219325578653,0.0565042653795125,-0.0241427355169857,-0.282417654615878,-0.103948327432665,-0.0866481635846485,-0.0223635708335894,-0.0754860672836038
"k_neut_IgG",-10,"ribavirin",34183557.6649106,172463554.310222,21.3090115138028,65.6582495543695,0.376377628976022,0.0560821375696388,-0.000285494048397684,-0.000697176462031086,-0.000286632279910417,-0.000293606460454416,-4.81787274781023e-07,-0.000214884861730303
"k_KP",-10,"ribavirin",34182581.7725451,172451531.395369,19.1820209805355,65.6563218423432,0.376377610842627,0.0531349932077098,0,0,0.997906783826725,0,0,0.525301405943027
"k_LP",-10,"ribavirin",34182581.7716444,172451531.342456,21.3084007213223,63.1476458387785,0.376377610827572,0.0559058683538596,2.63496974674262e-10,3.06825534427551e-09,1.17004377011024e-08,0.382092071741195,4.0001378883651e-10,0.0312163356974028
"d_K",-10,"ribavirin",34182581.7725451,172451531.395369,22.3691349138562,65.6563218423432,0.376377610842627,0.0579059012760591,0,0,-0.49780092848526,0,0,-0.325416985811744
"d_L",-10,"ribavirin",34182581.772121,172451531.395616,21.3084007470742,70.2825910001518,0.376377610835086,0.0564603415612581,1.24095762727309e-10,-1.43195042285995e-11,-3.84915649236035e-10,-0.704618996007316,2.00366764944828e-10,-0.0676538476118398
"EC50_RBV",-10,"ribavirin",34182581.7725451,172217421.936593,21.3084007462541,65.6392366970305,0.376377610842627,0.0560708508430885,0,0.0135753772020013,0,0.00260220871856502,0,0.00179769339832107
"Emax_RBV",-10,"ribavirin",34182581.7725451,194496762.641484,21.3084007462541,65.9494354637024,0.376377610842627,0.0569266756390864,0,-1.27834360575048,0,-0.0446436250362856,0,-0.150807614363783
"CL_RBV",-10,"ribavirin",34182581.7725451,172390574.955573,21.3084007462541,65.6543744314482,0.376377610842627,0.0560753565362118,0,0.00353469982566812,0,0.000296606760847912,0,0.000994266471488173
"beta",-25,"ribavirin",16401262.3833023,140892237.918364,4.04472304412192,29.7787988568732,0.202329967212055,0.0244367502488019,2.08074621250809,0.732015383607141,3.24072705553316,2.18577720948918,1.84971303942248,2.25703680946702
"p",-25,"ribavirin",15360533.5818962,106895167.82745,3.65518146267088,22.8501510469484,0.248640009358723,0.0211736309042509,2.20253090487934,1.52057480817893,3.31385156376629,2.60789332050509,1.35754729084898,2.48978039631722
"c",-25,"ribavirin",45001132.4475633,248979541.914397,39.0054688187224,119.888424601461,0.37610220252451,0.0756393920110544,-1.26597233023603,-1.7750613149054,-3.32208283168871,-3.30399883742148,0.00292693624894764,-1.3950167140586
"delta_natural",-25,"ribavirin",34659956.6953953,181781333.679068,21.6770353092902,66.7384437018544,0.38124008886408,0.0568550391114887,-0.0558617749854736,-0.216404046011275,-0.0691998554797121,-0.0659264381035294,-0.0516765916077336,-0.0552135352979672
"delta_NK",-25,"ribavirin",34182602.3994204,172452827.828805,21.3084067219128,65.6563444122622,0.37637781442574,0.0560809831135149,-2.4137293501097e-06,-3.00706737943867e-05,-1.12174701321986e-06,-1.37503401215692e-06,-2.16360491937221e-06,-3.61179573343369e-06
"delta_CD8",-25,"ribavirin",34271559.3909751,176835807.287602,21.3366965452907,65.7592667541149,0.377245751419586,0.0562554256269325,-0.0104120419015739,-0.101692941935812,-0.00531167014804471,-0.0062717440686861,-0.00922627225370853,-0.0124458095779738
"k_CC",-25,"ribavirin",34182581.7816381,172451532.161893,21.3084011101501,65.6563227280388,0.376377483967147,0.0560809329412786,-1.06404476891913e-09,-1.77794614368684e-08,-6.83103392329068e-08,-5.39594988665051e-08,1.34838499268387e-06,-3.32363799423216e-08
"K_CC",-25,"ribavirin",34182581.7752259,172451531.405102,21.3084007362874,65.6563218192547,0.376378005999567,0.0560809325156074,-3.13693268230043e-10,-2.25759444171774e-10,1.87092707625487e-09,1.40663309614271e-09,-4.19957965685722e-06,-2.87517642326375e-09
"d_C",-25,"ribavirin",34182581.7559177,172451531.505499,21.3084150539739,65.6563481072797,0.500458516434348,0.0560993824260843,1.94571798295542e-09,-2.55446406691756e-09,-2.68583645089913e-06,-1.60014668592578e-06,-1.31868529920183,-0.00131595178419324
"k_CD8_I",-25,"ribavirin",34388865.1575093,184843396.099652,21.8560651080086,67.0671069767914,0.378475747361835,0.0571286388624565,-0.024139005805559,-0.287428348220878,-0.10280722017128,-0.0859496904402177,-0.022298207531637,-0.0747281716559373
"k_neut_IgG",-25,"ribavirin",34185021.6009259,172481593.714611,21.3099277038706,65.6611412620488,0.376377656068611,0.0560839453538905,-0.000285505453857585,-0.000697293181418493,-0.000286639553056871,-0.00029361496777803,-4.80644781431326e-07,-0.000214895042625384
"k_KP",-25,"ribavirin",34182581.7725451,172451531.395369,15.9924513319577,65.6563218423432,0.376377610842627,0.0482349306953328,0,0,0.997906783826726,0,0,0.559619923111661
"k_LP",-25,"ribavirin",34182581.7706725,172451531.313705,21.3084007086336,59.4934495157172,0.376377610810668,0.0556387240360625,2.19136891718099e-10,1.89419217625751e-09,7.0620824161407e-09,0.375462539094076,3.39648162786442e-10,0.0315407337015368
"d_K",-25,"ribavirin",34182581.7725451,172451531.395369,24.1442494662953,65.6563218423432,0.376377610842627,0.0609689266333924,0,0,-0.532343793194288,0,0,-0.348638579449351
"d_L",-25,"ribavirin",34182581.7715011,172451531.396152,21.3084007483738,79.0541433738063,0.37637761082386,0.0571157161504707,1.22177677379362e-10,-1.81698367679815e-11,-3.97913788406473e-10,-0.816239542850691,1.99456174522261e-10,-0.0738064528887603
"EC50_RBV",-25,"ribavirin",34182581.7725451,171888011.392517,21.3084007462541,65.6149480760469,0.376377610842627,0.0560566368146006,0,0.0130708031014223,0,0.00252062650696201,0,0.00173289990902823
"Emax_RBV",-25,"ribavirin",34182581.7725451,227566170.844967,21.3084007462541,66.6552227614838,0.376377610842627,0.0581072296524421,0,-1.27837982077968,0,-0.0608563435240319,0,-0.144526639462556
"CL_RBV",-25,"ribavirin",34182581.7725451,172309241.962698,21.3084007462541,65.6514637471543,0.376377610842627,0.056067632538831,0,0.00330039244114653,0,0.000295971205980403,0,0.000948624488128597
"beta",-50,"ribavirin",0,0,0,0,0,0,2,2,2,2,2,2
"p",-50,"ribavirin",0,0,0,0,0,0,2,2,2,2,2,2
"c",-50,"ribavirin",65570648.3692132,389785826.998759,67.3658702862241,210.602819539529,0.375334137564336,0.0935726317507422,-1.8364947858841,-2.52052613096397,-4.32294005434141,-4.41530971062429,0.00554482120206482,-1.33705691473516
"delta_natural",-50,"ribavirin",35151477.0867059,191983195.514131,22.0510495244457,67.8387310187126,0.386403920876358,0.0576440929182945,-0.0566894168853527,-0.226517723104279,-0.0697047879881113,-0.0664797879360284,-0.0532779301685023,-0.0557465924335809
"delta_NK",-50,"ribavirin",34182623.0263116,172454124.287329,21.3084126975729,65.6563669821907,0.376378018008994,0.0560810337522902,-2.41373028474038e-06,-3.00709647464587e-05,-1.1217471466025e-06,-1.37503430651947e-06,-2.16360567274051e-06,-3.61181560026523e-06
"delta_CD8",-50,"ribavirin",34360826.2406102,181531856.48102,21.3650417250624,65.8624383904133,0.378116413040968,0.0564360021742982,-0.0104289646259703,-0.105308720800322,-0.00531630500879296,-0.00627865047222739,-0.00923966861072301,-0.0126627601692562
"k_CC",-50,"ribavirin",34182581.7756376,172451531.595472,21.3084008370949,65.6563220637761,0.37637735687112,0.0560809325625355,-1.80939965727681e-10,-2.32069323513983e-09,-8.52629711753062e-09,-6.74521050944539e-09,1.34955693170196e-06,-3.11117160584222e-09
"K_CC",-50,"ribavirin",34182581.7718429,172451531.428843,21.3084007689167,65.6563218968725,0.376379134905938,0.0560809327079508,4.10858240815196e-11,-3.88212024886561e-10,-2.12710512699087e-09,-1.66104978354056e-09,-8.09858645492725e-06,-8.29708228711751e-09
"d_C",-50,"ribavirin",34182581.7680163,172451531.306482,21.3084411434764,65.6563990586882,0.744737493002262,0.0561358022109281,2.64977823748575e-10,1.03086708883814e-09,-3.79167097308403e-06,-2.35213739611239e-06,-1.95739529423633,-0.00195680539568475
"k_CD8_I",-50,"ribavirin",34595126.7772913,197987163.713026,22.3846756391667,68.4665925220189,0.38055663350394,0.0581446382237083,-0.0241377323393115,-0.296148513278361,-0.101018833438434,-0.085605486290378,-0.0222065422645991,-0.0735974120730108
"k_neut_IgG",-50,"ribavirin",34187461.7542312,172511672.8179,21.311454790644,65.6659611472552,0.376377700936274,0.0560869587084934,-0.000285524464977948,-0.00069748783376651,-0.000286651675675333,-0.000293629147703933,-4.78740734497933e-07,-0.000214912018422777
"k_KP",-50,"ribavirin",34182581.7725451,172451531.395369,10.6765019176614,65.6563218423432,0.376377610842627,0.0384677129653959,0,0,0.997906783826726,0,0,0.628135757823192
"k_LP",-50,"ribavirin",34182581.766267,172451531.575902,21.3084008427705,53.6756201105086,0.376377610616441,0.0551805179591226,3.67329037557484e-10,-2.09372650088188e-09,-9.05900074214732e-09,0.364951961841639,1.20190944851345e-09,0.0321112533772809
"d_K",-50,"ribavirin",34182581.7725451,172451531.395369,27.7059197791189,65.6563218423432,0.376377610842627,0.0672672044736791,0,0,-0.600469186688217,0,0,-0.398933166930126
"d_L",-50,"ribavirin",34182581.7705185,172451531.397557,21.3084007507442,101.590004972942,0.376377610805667,0.0585046353098933,1.18576036210103e-10,-2.53800510502121e-11,-4.21444155019146e-10,-1.0945993355182,1.96399634853122e-10,-0.0864358963954163
"EC50_RBV",-50,"ribavirin",34182581.7725451,171406045.953807,21.3084007462541,65.5788805692854,0.376377610842627,0.0560357797457013,0,0.0121249771817378,0,0.00235898907781641,0,0.00161027028626375
"Emax_RBV",-50,"ribavirin",34182581.7725451,282682997.353979,21.3084007462541,70.0331068545749,0.376377610842627,0.0599563269580797,0,-1.27840518511708,0,-0.133324100084113,0,-0.13820720561271
"CL_RBV",-50,"ribavirin",34182581.7725451,172195929.656268,21.3084007462541,65.6466403459616,0.376377610842627,0.0560562562713841,0,0.00296433133452011,0,0.000294914369553246,0,0.000880021170245318
"beta",10,"ribavirin",34133644.9385153,182045050.376574,27.4128961313917,83.7014280435958,0.376048405454078,0.0635569001302255,-0.0143163071635277,0.556302336290084,2.86483038207868,2.74841868915277,-0.00874667831097737,1.3330676443766
"p",10,"ribavirin",37548025.9782132,199210692.185225,29.4004857521873,89.6201742096394,0.376100357541097,0.0660411390296832,0.984549449208413,1.55169168828704,3.7976031623846,3.64989260666157,-0.00736636010069223,1.77604153760707
"c",10,"ribavirin",30944644.3322094,150150244.103663,15.8645637779276,51.3350391779008,0.37605201850944,0.0476594418876703,-0.947247771359501,-1.29319160643329,-2.55478439379521,-2.18124961353018,-0.00865068281980103,-1.50166736106538
"delta_natural",10,"ribavirin",33995486.5231801,168943431.666038,21.1624242766546,65.2284464706892,0.374470062836166,0.0557753263383974,-0.0547340896044571,-0.2034252581549,-0.0685065347407984,-0.0651689524554043,-0.0506817608568812,-0.0544937688106401
"delta_NK",10,"ribavirin",34182573.5217995,172451012.829019,21.3083983559913,65.656312814379,0.376377529409422,0.0560809122201659,-2.41372804842723e-06,-3.00702664509788e-05,-1.12174668976693e-06,-1.37503351217347e-06,-2.16360387368285e-06,-3.61176785137259e-06
"delta_CD8",10,"ribavirin",34147071.4800262,170779361.415686,21.2970961808053,65.6152071008947,0.376031058689217,0.0560127715583928,-0.0103884173393544,-0.096964634999323,-0.00530521533893237,-0.00626211464408242,-0.00920756557847249,-0.0121540270276339
"k_CC",10,"ribavirin",34182581.7742649,172451531.591921,21.3084008429505,65.656322077384,0.376377661672466,0.0560809326103884,5.03109427481698e-10,1.13975235013788e-08,4.53795016190431e-08,3.57986419561497e-08,1.35050112754224e-06,2.40886848219224e-08
"K_CC",10,"ribavirin",34182581.7751166,172451531.700767,21.3084008984948,65.6563222124268,0.376377522714443,0.0560809326658769,7.5226217525273e-10,1.77091949418123e-08,7.14463560542101e-08,5.63667793621353e-08,-2.3414831819023e-06,3.39830538820947e-08
"d_C",10,"ribavirin",34182581.7459902,172451531.283497,21.3083967286577,65.6563147022458,0.342356741236553,0.0560758783528898,-7.76855080912832e-09,-6.487141532318e-09,-1.88545185987568e-06,-1.08749580631518e-06,-0.90390258681725,-0.000901219395588577
"k_CD8_I",10,"ribavirin",34099994.5771625,167692230.839055,21.0834829751161,65.0787505108498,0.375531770180388,0.055651430577279,-0.0241606078593476,-0.275979025399445,-0.105553567260326,-0.0879688833133679,-0.0224731928221113,-0.0765860835511108
"k_neut_IgG",10,"ribavirin",34181605.9318205,172439511.124263,21.3077899806471,65.6543941593025,0.376377592646615,0.0560797274322054,-0.000285478941034369,-0.000697023158251785,-0.000286631368651828,-0.00029360204571742,-4.83450968024404e-07,-0.000214875723037282
"k_KP",10,"ribavirin",34182581.7725451,172451531.395369,23.4347805119726,65.6563218423432,0.376377610842627,0.0588044533265115,0,0,0.997906783826722,0,0,0.48564114949666
"k_LP",10,"ribavirin",34182581.7730516,172451531.402746,21.3084007490961,68.2327039504942,0.376377610851218,0.0562540245942014,1.48161194916725e-10,4.27805125728915e-10,1.33377814139493e-09,0.39240427057999,2.28244931720587e-10,0.0308647005790903
"d_K",10,"ribavirin",34182581.7725451,172451531.395369,20.3332570088575,65.6563218423432,0.376377610842627,0.0543998386696162,0,0,-0.457633470014372,0,0,-0.299762099430336
"d_L",10,"ribavirin",34182581.7726526,172451531.357699,21.3084007272718,61.8307799808169,0.376377610845089,0.0557440587771615,3.14369829243682e-11,-2.18439319140214e-09,-8.90835037511351e-09,-0.582661616456736,6.5409417963079e-11,-0.0600692041423714
"EC50_RBV",10,"ribavirin",34182581.7725451,172696245.235496,21.3084007462541,65.6740256644599,0.376377610842627,0.0560914529859955,0,0.0141902967255315,0,0.00269643830477237,0,0.00187595145699813
"Emax_RBV",10,"ribavirin",34182581.7725451,150408306.573938,21.3084007462541,65.441981648619,0.376377610842627,0.0551770526555065,0,-1.27822725858509,0,-0.0326457815043214,0,-0.161174178084214
"CL_RBV",10,"ribavirin",34182581.7725451,172518658.752002,21.3084007462541,65.6582748280807,0.376377610842627,0.0560868828017682,0,0.00389253467858674,0,0.000297455855373972,0,0.00106102488114991
"beta",25,"ribavirin",34052093.5094994,189946230.814401,33.9560765926061,105.614712642977,0.375551127935495,0.0704536074885773,-0.015269562014253,0.405788206749491,2.37421400075282,2.43439715655004,-0.00878355017220326,1.02513809089116
"p",25,"ribavirin",42563585.7779381,236140199.821007,40.8754148122921,126.701406407491,0.375537871743969,0.0768849872695683,0.980733879162337,1.47725376307905,3.67310795381543,3.71906819341671,-0.00892443200092216,1.48385940647014
"c",25,"ribavirin",25406919.953787,122979439.813906,9.24649043994774,34.3015299243443,0.355771564222866,0.0347797698777316,-1.02691620862958,-1.14750135719099,-2.26425445061648,-1.91023749355253,-0.218993330380404,-1.5193158642252
"delta_natural",25,"ribavirin",33723409.6704562,163904544.878591,20.9450160559603,64.5918605768157,0.371647888171645,0.0553211120105669,-0.0537317052461771,-0.198246694537781,-0.0682143525684567,-0.064850496382272,-0.0502657175637313,-0.0541945671152688
"delta_NK",25,"ribavirin",34182561.1456859,172450234.987023,21.3083947705986,65.6562992724383,0.376377407259656,0.0560808818376382,-2.41372748346392e-06,-3.00700918086739e-05,-1.12174639565819e-06,-1.37503316370015e-06,-2.16360341912508e-06,-3.61175582110447e-06
"delta_CD8",25,"ribavirin",34093892.3634179,168353697.301399,21.2801542305519,65.5536030455323,0.37551198327168,0.05591222576856,-0.0103783160344502,-0.0950489464677387,-0.00530241871054174,-0.0062579683983908,-0.0091995649689067,-0.0120330885590116
"k_CC",25,"ribavirin",34182581.7719776,172451531.344093,21.3084007220868,65.6563217835503,0.376377737840985,0.0560809324600922,-6.6409345887794e-11,-1.18934283596243e-09,-4.53665668366311e-09,-3.58185980055898e-09,1.34969088967079e-06,-1.08447416824048e-09
"K_CC",25,"ribavirin",34182581.7814998,172451532.149109,21.3084011040496,65.6563227132261,0.376377428082786,0.0560809329257056,1.0478578722964e-09,1.74829457381066e-08,6.71651578218904e-08,5.30570612034292e-08,-1.94230300157819e-06,3.21256304707936e-08
"d_C",25,"ribavirin",34182581.7672827,172451532.030231,21.3083922440192,65.6563071532163,0.301420874863722,0.056069800424723,-6.1580478838639e-10,1.4725568455101e-08,-1.59603435275902e-06,-8.9491013646865e-07,-0.796612060011683,-0.000793998964167741
"k_CD8_I",25,"ribavirin",33975881.5680177,160914029.383947,20.7393402449203,64.2041156757548,0.374253215725445,0.0549954709924408,-0.024187781473365,-0.267611471305998,-0.106823690451524,-0.0884731965385187,-0.0225772740565069,-0.0774210723642345
"k_neut_IgG",25,"ribavirin",34180142.2686532,172421485.797326,21.3068738966892,65.6515028368339,0.37637756525242,0.0560779200443199,-0.000285467482614389,-0.000696905334489465,-0.000286619269664771,-0.000293589733578614,-4.8451561665959e-07,-0.000214863116139836
"k_KP",25,"ribavirin",34182581.7725451,172451531.395369,26.6243501605504,65.6563218423432,0.376377610842627,0.0625252030521874,0,0,0.997906783826724,0,0,0.459640757915659
"k_LP",25,"ribavirin",34182581.7737938,172451531.412842,21.3084007529667,72.2517498039475,0.376377610863076,0.0565111307280588,1.46111895093839e-10,4.05290703680859e-10,1.26009523174706e-09,0.401815257177612,2.17320501432361e-10,0.0306841012639415
"d_K",25,"ribavirin",34182581.7725451,172451531.395369,19.0113274115179,65.6563218423432,0.376377610842627,0.0521066718160275,0,0,-0.431205206264017,0,0,-0.283466089728082
"d_L",25,"ribavirin",34182581.7733423,172451531.354323,21.3084007245434,58.310008975046,0.376377610856111,0.0553665386550596,9.32791060416068e-11,-9.52046219424001e-10,-4.07550618124222e-09,-0.447561645925737,1.43298673826368e-10,-0.0509544894284212
"EC50_RBV",25,"ribavirin",34182581.7725451,173081606.588677,21.3084007462541,65.7015865390085,0.376377610842627,0.0561079835022314,0,0.014614545622408,0,0.00275767483740331,0,0.00192942775668319
"Emax_RBV",25,"ribavirin",34182581.7725451,117347933.535432,21.3084007462541,65.2188231204783,0.376377610842627,0.0536904587896896,0,-1.27812371195718,0,-0.0266538672644795,0,-0.170501707450042
"CL_RBV",25,"ribavirin",34182581.7725451,172632617.353043,21.3084007462541,65.6612147802231,0.376377610842627,0.0560965790477048,0,0.00420027485308097,0,0.000298093937798082,0,0.00111599944704124
"beta",50,"ribavirin",33906846.9105271,190922805.354898,40.3568468907286,128.300348116223,0.374505010726751,0.076417712778831,-0.0161330623797104,0.214219889032836,1.78788134983084,1.90824050193683,-0.0099506456384774,0.725265412178816
"p",50,"ribavirin",50860552.8054226,287701200.424219,58.2107896254747,184.172259795832,0.374461896433988,0.0885952652644337,0.975816931784415,1.33660360214052,3.46364697366676,3.6101912086417,-0.0101797469001959,1.15955036245017
"c",50,"ribavirin",12027831.0020198,96467004.8451318,2.71351514344277,19.8752706187419,0.203460883186315,0.0178267713218862,-1.29625965165215,-0.881227623036087,-1.74531029561946,-1.39456643134937,-0.918847044430668,-1.36424839833971
"delta_natural",50,"ribavirin",33286770.47959,156074961.488258,20.5867543253819,63.5445665690353,0.367046102495523,0.0545749384678829,-0.0524133196793629,-0.189926639382115,-0.0677335131308703,-0.0643275533581904,-0.0495858843793221,-0.0537078804129102
"delta_NK",50,"ribavirin",34182540.5188427,172448938.603766,21.3083887949457,65.6562767025457,0.376377203676828,0.0560808312005381,-2.41372654273024e-06,-3.00698008489981e-05,-1.12174615623633e-06,-1.37503278492481e-06,-2.1636026545477e-06,-3.61173590255378e-06
"delta_CD8",50,"ribavirin",34006590.5713083,164519467.101935,21.2519565991388,65.4511090238234,0.374648860660114,0.0557490208711392,-0.0102971274907172,-0.0919918104438113,-0.00529783044607032,-0.00625112137754507,-0.00918625408478965,-0.0118368789357695
"k_CC",50,"ribavirin",34182581.774614,172451531.680375,21.3084008903383,65.6563221924007,0.376377864891183,0.0560809327004914,1.21048622595002e-10,3.30534734709192e-09,1.35237044891235e-08,1.06633271457536e-08,1.34996635610507e-06,8.03106006012195e-09
"K_CC",50,"ribavirin",34182581.7735566,172451531.338486,21.3084007103759,65.6563217557993,0.376377328614172,0.0560809323906813,5.91812156254498e-11,-6.5969917961716e-10,-3.36751441353356e-09,-2.63627118476532e-09,-1.49970905328537e-06,-3.01762182570657e-09
"d_C",50,"ribavirin",34182581.7543161,172451531.468459,21.3083859650345,65.6562962808915,0.251374314593331,0.0560623685280659,-1.06657097450807e-09,8.47663151271295e-10,-1.38736076564333e-06,-7.78644037090648e-07,-0.664244060476609,-0.000662041318199597
"k_CD8_I",50,"ribavirin",33767811.693664,151290232.945099,20.1462844758746,62.7057288946608,0.37208620066385,0.0538754529876284,-0.0242679199389391,-0.245417344561056,-0.109075878966066,-0.0898799343273447,-0.0228037484438538,-0.0786534527984146
"k_neut_IgG",50,"ribavirin",34177703.0898669,172391456.980212,21.3053471935436,65.646684338703,0.376377519308669,0.0560749081114978,-0.000285448460900091,-0.000696710718324551,-0.000286605526789914,-0.000293574277992769,-4.86394280036899e-07,-0.000214845350568889
"k_KP",50,"ribavirin",34182581.7725451,172451531.395369,31.9402995748467,65.6563218423432,0.376377610842627,0.067914568860563,0,0,0.997906783826724,0,0,0.422019958048268
"k_LP",50,"ribavirin",34182581.7750032,172451531.427567,21.3084007585831,80.1573367138115,0.376377610880491,0.0569663652852001,1.43821526816995e-10,3.7341658637549e-10,1.15720285573761e-09,0.441724862574199,2.01200661648617e-10,0.0315769646053363
"d_K",50,"ribavirin",34182581.7725451,172451531.395369,17.1222367853971,65.6563218423432,0.376377610842627,0.0487789333848629,0,0,-0.392912073572003,0,0,-0.260409332303821
"d_L",50,"ribavirin",34182581.7746795,172451531.349232,21.3084007202445,53.3821414373317,0.376377610874396,0.0548186357805359,1.24882177719968e-10,-5.35072486973287e-10,-2.44124927635576e-09,-0.373891806930179,1.68815264015451e-10,-0.0450169652695041
"EC50_RBV",50,"ribavirin",34182581.7725451,173767503.294988,21.3084007462541,65.7510218505325,0.376377610842627,0.0561373639757462,0,0.0152619334716359,0,0.00288471865410455,0,0.00201250221630119
"Emax_RBV",50,"ribavirin",34182581.7725451,62483348.2016457,21.3084007462541,64.9653055306252,0.376377610842627,0.0508342512359587,0,-1.27535177338154,0,-0.0210494981238003,0,-0.187111055674733
"CL_RBV",50,"ribavirin",34182581.7725451,172865583.20932,21.3084007462541,65.6661427084307,0.376377610842627,0.0561150913938512,0,0.00480194998097363,0,0.00029915980097322,0,0.0012182008053988
