"T_0","I_0","V_0","beta","p","c","k_T_reg","symptom_onset_day","k_NSs","d_NSs","K_NSs_sup","k_FI","K_FI","d_F_I","E_max_IFN","EC50_F","k_NK_I","K_NK_I","k_NK_F","K_NK_F","d_NK","k_FII_NK","d_F_II","k_CI","k_CF2","k_CC","K_CC","d_C","k_anti","K_anti","d_anti","k_suppress","K_suppress","I_ref","F_I_ref","F_II_ref","C_ref","V_ref","delta_natural","delta_NK","I_gate","k_CD4_I","K_CD4_I","k_CD4_F","K_CD4_F","d_CD4","k_CD8_I","K_CD8_I","k_CD8_F","K_CD8_F","k_mat","d_CD8_N","d_CD8_E","alpha_CD4_help","K_CD4_help","n_mem_switch","delta_CD8","k_P_CD8","k_IgM","d_IgM","K_CD4_B","k_switch","d_IgG","k_IgG_direct","K_IgG","k_neut_IgM","k_neut_IgG","k_PV","k_PC","d_P","k_PLT_prod","k_PLT_loss","k_PLT_cons","PLT_0","P_thresh","k_KP","k_KC","k_KH","d_K","k_LP","k_LC","k_Lfluid","d_L","Vd_RBV","CL_RBV_std","CL_RBV","eGFR_ref","k_hgb","d_hgb","Hgb_drop_max","ka_FAV","Vd_FAV","CL_FAV","k_form","k_elim_RTP","Emax_RBV","EC50_RBV","gamma_RBV","Emax_FAV","EC50_FAV","gamma_FAV","psi","rbv_immuno_scale","rbv_endothelial_scale","rbv_recovery_scale","K50","L50","C50","K50_dialysis","L50_ecmo","w_K_HFRS","w_L_HFRS","w_C_HFRS","w_auc","K_auc50","L_auc50","C_auc50"
1e+06,0,784.930896362064,8.05888428178163e-08,118.466342023848,3.15990432090654,0.237977523622757,3.95965098282687,1.56422787006962,2.18817620590998,3.96466517964991,5.3626029430937,127813.274484438,1.6571503744799,0.515434045842267,61.8251199960239,0.209479288728899,174268.130218313,0.298706011383852,49.7385918411606,0.857106910599108,0.200514260175055,4.15804781175898,3.44760504909324,0.640960857195342,0.813772661772331,241.715193430926,4.43852370370264,0.278821468246397,63.5122895583319,0.443533101089839,0.422405196201563,26.5250575533973,1e+06,100,50,500,1e+05,0.0272407033265197,4.53594268512605e-06,16621.9119978451,0.130722222225351,829.799742907616,0.0935356042755343,54.1125656015947,0.0937062766720535,4.39560995255078,1050.05874070802,1.32222583692781,17.1234444447042,0.129913088049445,0.0977023448568383,0.093585869147988,2.31181518686363,4.55185118035305,50,0.000575430061725984,0.0100295263517818,0.818399940487816,0.0236878869103072,3.11897574407892,0.0317878124336117,0.0351764150526516,0.012605657199028,616.501512659887,0.00487119777890502,0.0239654955531149,0.794803060345608,0.110262281132871,0.611595506054868,24789.5456908534,0.101398609216882,0.00159810915065225,244476.190376841,0.595331134103484,0.217355490991578,0.0691915496601023,0.170054136617016,1.11973325589258,0.115871665900632,0.0434502059844173,0.407931948400272,0.496109906688262,40.4093574282257,4.35076482784852,5.16948462198833,90,0.000603214287027181,0.0599179432970045,7.00365513682159,33.6839256579351,23.3410617472152,172.396105172913,4.53477477504055,0.747046959799617,0.70997655186411,5.31640336687673,1.34466577753186,1.50697655998729,0.476402989309825,0.884907123183791,0.177631473528107,1,1,1,31.6504519267948,119.032453248522,222.363848232357,98.5312567037124,307.868687145652,0.150788977274119,0.0140443540692413,0.0355983441502809,0.177445046737903,213.064669484654,300.579985592428,1011.72913365201
1e+06,0,686.085354918325,6.49160343489652e-08,128.264141314781,3.31331095797502,0.372565214295958,11.5213446924085,0.587906217666541,2.39370840013877,6.8593564334881,3.98363767764696,103281.781381081,6.8527110689284,0.572737224030387,37.3311221400248,0.246684087866551,280114.442814866,0.145417312806878,65.7744089333651,0.910858959613339,0.213373741929664,2.04591569953909,1.44594401897521,1.24639764145169,1.73581382702772,237.751525461445,5.1879195818632,0.971163607298029,66.4489101526254,0.405812009865552,0.610426109294789,30.5961373512318,1e+06,100,50,500,1e+05,0.0180069308977633,8.5781913211935e-06,9865.3520494195,0.112204754213087,471.160184860638,0.0827087153409729,45.1683238153678,0.0920719306486942,4.4285099038973,970.997205125007,2.13061113756018,22.7680180723768,0.10156127715101,0.023930897755221,0.141020849376114,2.88534851728299,6.65487216924127,50,0.00131326993014959,0.0108550647663241,0.208006969134146,0.0321092387213107,7.20813974157492,0.0407698187487086,0.0617021581302212,0.0198706277771409,1016.32755628002,0.00596966884914613,0.0682303923832772,0.236320699639174,0.115920390364233,0.633319895334502,28980.2698878565,0.0855525918189168,0.00160938099749007,338742.161654168,0.207974388432173,0.242169376789623,0.0928874772786781,0.226191988661055,0.809246215369637,0.395984257460924,0.083040684507493,0.267221496610762,0.702752571640882,36.5085916616194,5.84656026985426,4.51445712057691,90,0.00105994165365926,0.0874973957331921,5.41752554605102,32.0369252627044,27.0113626459617,203.067525086882,0.997425632323725,1.8149386281773,0.823179729788167,6.81892165594954,1.7604408461528,0.933549072551031,0.573778410591441,1.19529628366666,0.0872112808016983,1,1,1,39.6407116755491,111.525228121344,211.333336263702,78.3253071864602,418.893643509488,0.0918920187160396,0.0220667570898679,0.0702491151811246,0.227150837749659,132.353763083559,448.660573345527,1677.80358081408
1e+06,0,730.411716619021,9.00975378749774e-08,104.149650008285,2.96412964895995,0.209537635415574,6.64271741900241,0.421137471909614,1.34757054154216,9.96814923802871,3.42467674830623,79070.4153910818,2.98574325258718,0.903530345579045,66.7964481396884,0.519885635909912,84058.3226651057,0.257984377512019,50.6068969722342,0.552544178623463,0.112768241027415,2.22962698845446,3.09924294320715,1.99710502042361,0.993763235650746,102.764185766068,10.3741987363531,0.471634296254425,63.3998841692148,0.683627792775758,0.666728408603776,47.1726045870013,1e+06,100,50,500,1e+05,0.0346675268289909,3.84920905495524e-06,8457.7120885494,0.133459885148889,598.763214716674,0.151958782942558,35.4179258738432,0.102089861198136,7.54982382188463,1826.24583805303,2.77689850786444,22.5159456514781,0.151247976888983,0.047614567550706,0.0475094438486523,2.76834170721511,5.9041851971275,50,0.000850634150029174,0.00476823702606112,0.382191424195496,0.0253859137531533,11.1179484092458,0.0336380958437546,0.0462705193963468,0.0207659504487328,232.490263602449,0.0091849419584504,0.036770144660335,0.458602922375565,0.103294638467215,1.01606367005481,27024.6262861061,0.0916751541730742,0.00186442957153759,294786.810339977,1.09477030161818,0.0929294372755733,0.0450838221980951,0.135390046429457,1.64769748691455,0.350034085569527,0.137429560558636,0.180928946565116,0.444584271225714,17.7462310653628,6.85762678997135,5.9781990409108,90,0.00171072661739876,0.0458393191992027,4.45590588497439,33.8616733533631,29.0355141820541,226.419723045184,3.21622729658142,1.48987603843175,0.81023305796764,7.44892397368215,1.40514965769728,1.10614989560418,0.614201457901404,0.881785522964911,0.130094223469482,1,1,1,42.6158480382778,99.8676422822111,377.297415765667,86.8138230702716,397.516529549354,0.102414150001868,0.0183342556051592,0.0718716474988308,0.250692452705871,201.807243083024,332.049215685404,1242.32142691117
1e+06,0,812.965706324707,1.2416834283159e-07,139.072243661507,3.36726808061668,0.15335224986806,7.53379153863691,0.649172088146761,2.54826180251094,6.07087275087741,5.65860131473972,53955.8342273175,4.79467039528384,1.32742978768004,76.3053015248707,0.178156018863206,188047.101694617,0.165023719692013,102.771601882837,0.703194488753871,0.252347263846605,2.62940900295371,2.85858513494421,1.26230999592491,0.922732446915544,229.851627445881,8.83009750296427,0.671205398208262,125.752825122609,0.451892123437916,2.46393840001018,62.950795150214,1e+06,100,50,500,1e+05,0.0232315644935271,2.71705113572435e-06,11879.5024942733,0.137469167074946,555.966965851563,0.116679871193809,25.3222934082283,0.125573057531723,2.62839470420497,820.697680933694,3.785102203249,28.5939725540899,0.117430222444358,0.0362077783097925,0.122967320511384,1.88622015513345,13.5771159551666,50,0.000372436930625366,0.00457039269979052,0.21211070685123,0.0169130658873174,5.48872825922075,0.0534260577744727,0.0453585620259839,0.0201491741028521,670.891014320091,0.00584462640439304,0.0286264905622063,0.194302102404099,0.124113117283463,0.18535910471195,19802.8508437038,0.08181982019224,0.0013016688906443,242029.997098208,0.313610088941736,0.400479683385828,0.0569416718415894,0.0831199777811214,0.494972288804158,0.179619372667316,0.0245878826905143,0.233422431640127,0.436923051413658,49.2083935675739,5.29454982024142,8.42329563202263,90,0.000410744494828878,0.0556326733280007,2.88070918108776,31.4064484238069,26.1599439032597,220.547545612922,1.88519838218522,1.28598718402486,0.696443913904678,6.3700402535124,1.53316641814578,1.08969630815515,0.383803041656764,0.805959568230165,0.132593393517664,1,1,1,35.796291617358,99.6661755986372,342.84111608979,96.9331901991565,477.74596304948,0.0968522470167182,0.0123790848261473,0.0838823293045244,0.290337332871776,257.13408584859,637.128247787977,1651.85130095114
1e+06,0,1234.93734042759,1.52978611312719e-07,158.336910926891,3.33999932691509,0.564022930613831,4.12182826697595,0.532875147567081,1.77017445911782,7.37356056051374,8.2391055657826,146929.576327791,3.03166101051653,1.98226945738495,47.4785990428138,0.293624406165346,90351.3254019624,0.174524838433078,93.3451088088987,0.375181066330978,0.113751107978092,3.50901735960647,4.8011050383192,0.951059413125033,0.549094923103911,226.883139152268,3.31426041538671,0.245539162696278,45.2588964775049,0.408236257444564,2.15543973235082,22.6669397100245,1e+06,100,50,500,1e+05,0.0308070498637579,1.5122707402588e-05,8548.23814205328,0.203161706026285,358.902206133041,0.197282918220063,26.7344403349038,0.118071668991133,4.6063931128474,1023.24480857888,5.18072355480701,40.6939330767322,0.153618709856894,0.0770866870118252,0.0839449892945703,2.35951764224173,3.11179135690641,50,0.000685055747834907,0.00513663186444774,0.616374044465818,0.0396174560041706,5.30401235204118,0.0432181660852632,0.033436679431127,0.013547293551418,575.911162407376,0.00584448816306783,0.0870850117909825,0.550493301515367,0.0628984085308092,0.20034899756319,24691.3212801837,0.104295548625967,0.00310502222368994,236743.769081973,0.257000874017079,0.184971682606831,0.0373971199640675,0.160956684763331,1.12284286158474,0.121184107967435,0.0387857677840657,0.157741325173306,0.987839703325569,28.334782155411,6.90902219699792,4.87741880399172,90,0.00245473062056765,0.0930176512780892,4.73702935603147,39.5278350128716,30.6064083237289,213.645526207262,0.920421085573728,2.65908790861956,0.85922844618647,4.85358270306546,1.04773798886599,1.48174036100506,0.300084145211228,0.366159388280709,0.135582994493739,1,1,1,34.9363387435068,109.604645424818,205.898735884287,97.6902209073134,406.575686781053,0.164087482380923,0.022111486114269,0.060233935235053,0.193596543038155,313.288861913173,282.788059937013,2490.51144644468
1e+06,0,969.719181392454,1.14120351559265e-07,170.688174197092,3.24685095850038,0.354167602286469,2.27974704936647,0.669895119773341,1.63332013146987,6.89918439746556,4.18533297089634,105344.651929503,5.26150657673431,1.34341927712132,109.910228027071,0.18271822256867,145123.96549286,0.15260509121605,42.3138215630702,0.804779896766038,0.31663086783373,3.1542561979548,1.76420418871589,1.83108911857321,0.879347563673852,158.304014691038,8.2348340959366,0.537553550126531,140.194497395536,0.289233546227735,0.492502573888281,30.4886757788559,1e+06,100,50,500,1e+05,0.0378514521707317,7.92594231193692e-06,8649.3698679016,0.566992370015125,652.558961764789,0.151972354929557,66.1997783823498,0.0978337444309725,3.92260686688128,1174.47921040985,3.41951470746336,21.2563897700257,0.131178825290443,0.0433225029053213,0.106915782976398,1.85515465154082,6.95986651535086,50,0.000726208903271245,0.0116003274928114,0.27266777045553,0.0332698050311511,4.37677890689674,0.0325137103146333,0.0282755248896748,0.0097096829810392,464.560206292995,0.00452587474045869,0.0403095625903914,0.433709732536429,0.0818609066520288,1.36188383040635,23115.6365419855,0.0995853812111508,0.00177728291685569,232118.773467096,0.750455764692715,0.236306764137761,0.0269097195721862,0.103717501012203,1.11170991222463,0.254676601386836,0.0689471781321568,0.200311030438359,0.632829540831912,54.1042423348086,5.6264130089755,8.62410350883867,90,0.000609765225756329,0.106053008466843,4.08429244214782,37.5944508170939,28.0729418217129,179.245579173927,2.84085718024702,0.833952418197018,0.620007257536015,9.39819372631454,1.68865286089887,0.680528605480371,0.638190186654064,1.39854096990923,0.0727269699343455,1,1,1,46.0511887474499,79.0601691954639,255.417512046471,54.3419832016743,327.122268833268,0.0887525328534234,0.0176586613959714,0.0692905053584344,0.369545959875697,266.860342702959,548.35236214366,2046.99390465969
1e+06,0,826.37261682182,8.16874572560764e-08,76.4875982091211,3.40992268053674,0.538312800869989,3.46975386189572,0.469824397289593,1.42679686785125,10.4351968566012,6.90286954020466,70105.2803644409,3.02225633312984,1.72859839471943,29.3468206266111,0.319011651030448,226314.054742345,0.239242346406442,55.1468837805586,0.411802964468831,0.280522484298685,3.35081320733961,1.23591936825288,1.07284498446029,0.826354893962023,152.881379052834,3.96096050246663,0.359093348990778,83.8951383240601,0.486519288143009,1.67827608838016,51.3542213212362,1e+06,100,50,500,1e+05,0.0229166974448524,2.56575168581892e-06,10787.2550710548,0.0777659640024768,532.252426182422,0.129869346255886,24.360309417939,0.124439790379234,5.95407823365992,788.735357844104,3.68147562380132,30.1955912458509,0.245953236688212,0.0146183033241695,0.102306654056187,1.59946800588451,3.08600603792507,50,0.00125227820027129,0.00471853140420231,0.218532813104943,0.0239324354309746,5.24545267406189,0.0352379479645368,0.0464717844930326,0.0342443393684496,338.320310965447,0.00439480472102473,0.0183474734863335,0.372641261767939,0.128933436096272,0.314674084272099,26174.2424475711,0.105109521664853,0.006063520071999,249018.757130577,0.804718975359554,0.193924991400766,0.0572949730987221,0.2160937503244,0.604419878421782,0.269591898759241,0.0753181404318659,0.229519473484607,0.443673028139283,37.4863246164913,3.34201099909941,5.20278804883099,90,0.00169983020311959,0.0387414012202806,4.334686113379,34.3296414881206,25.685335074101,188.899923362565,6.15871993500718,0.552813076762099,0.623763236278351,7.59592841271027,3.68140932546779,0.775033651944636,0.450323649247556,1.47615008003623,0.0436884470631225,1,1,1,20.7006303556115,91.4793035314876,313.35884518161,52.8611036000816,399.741327239478,0.130203741548211,0.0160254185780327,0.0558401434872714,0.327914931169889,145.155489451574,660.589773773307,974.074529609808
1e+06,0,1092.63945917243,7.10973223649248e-08,92.7728882626417,2.98152022366508,0.24612640849833,13.9700899724808,0.373308940531224,2.61967733079323,29.9952328066937,12.9644026067396,119250.462851316,3.17854612500513,0.702597086159572,29.5639519674396,0.231664353711805,48711.4922227617,0.0945732142254063,56.9427562482944,0.507105285135687,0.0936929250626032,3.18412141147844,1.32217179231052,0.79700428307981,1.14171572992192,306.835043118458,6.18538054569564,0.299390891315333,161.661644218403,0.55468849491629,0.720281793027799,33.5392894016643,1e+06,100,50,500,1e+05,0.0314644276357199,5.74923248080711e-06,6305.88632880614,0.0898267359184968,644.554888848911,0.0437511394310421,17.7261299282691,0.121619662542508,4.52693850654857,1024.61073617531,4.84822105041879,23.7812235205639,0.124354525659855,0.0462740845866906,0.0883939919977167,1.50671566732607,7.22781926966141,50,0.000663084409357596,0.00456606953576151,0.244057960673315,0.0252868247896976,2.82725941061652,0.0570752996784273,0.030874084342485,0.0284519439108007,301.465746098581,0.0116347319434971,0.042271281611452,0.822463608442372,0.105853462091624,0.333137203921816,27386.0394773254,0.106158340266362,0.00153146079848964,257973.508333035,1.097998653125,0.153600812527749,0.0831753142587563,0.224304685949178,1.70717378150176,0.233541158475055,0.163803237995857,0.15553139286882,0.411435018496117,40.8822967640685,4.45447589535078,7.39688975931009,90,0.000511575266252636,0.0397201515850793,3.79920877022134,42.5110710041238,31.8619045487044,189.178960286066,1.8928777244094,1.22704043555776,0.681673376374384,8.23421790520323,1.73493834532721,1.08097430644016,0.570716233837954,0.711639091659458,0.0927064296885544,1,1,1,25.5035231916472,112.382695284261,200.527126536117,86.0565381336782,401.176620436038,0.181804081108098,0.0133639724776316,0.0618330878147504,0.266850183609576,368.547571003832,418.584654414662,3364.60283517138
1e+06,0,1124.86091629113,1.10328326101392e-07,90.9095512356069,2.82236753875292,0.536099918643912,4.2223952199967,0.674452922673577,0.621471616146296,7.22777652009783,7.7111705996869,139321.038792668,3.23272561970257,0.859378330944307,35.5350245942211,0.281443629496464,117553.75691544,0.155664517729204,43.3932977935526,0.599001352396446,0.197492866918307,2.50539789228556,1.53789350642141,1.22980996027186,0.848167626103087,191.848786202182,6.64106885021674,0.575190629463825,126.616724337154,0.525395180278902,1.94702268044335,12.9547067371781,1e+06,100,50,500,1e+05,0.0222498486133843,3.12603702063974e-06,18822.0962438819,0.149119784681217,583.195688734312,0.162116868187599,26.7387653318649,0.101230157073196,5.60555273053311,678.573875621541,2.55955316775714,23.5836574563434,0.140310904444324,0.0531499177624359,0.0934553634160393,3.13396966699873,2.61320919766899,50,0.00183089628349356,0.0057175253304443,0.242908456990947,0.0229053917740914,13.9980276799339,0.0668873009896789,0.0331352612345872,0.0348432253718658,262.752626134678,0.00785467154070737,0.0458166262784482,0.517308860952713,0.12384782721967,0.478105698476938,24761.2489001984,0.0827385391478023,0.00236203924899083,299271.04291708,0.535488209217941,0.123514956164411,0.0572641575777621,0.474341247774219,1.28487946773268,0.183151627320785,0.0458096242505245,0.0493205509652332,0.700160544614382,45.7524792684124,4.0439931075563,6.77387146930384,90,0.000430757376725504,0.0768944345328168,3.08631114004351,33.44077836147,35.0576762129337,143.971020132419,3.56444870869548,1.89596882002264,0.766185371025871,7.34343150008421,2.5963094100158,1.06580180490597,0.568204413136309,1.96657550861354,0.0631195071441927,1,1,1,32.1253943164707,93.7425368888538,258.866453548157,65.1053223016386,294.535166515003,0.121017006655227,0.0214995313277182,0.0410596183875291,0.277350022711995,189.300436257294,277.805460683415,702.562333747227
1e+06,0,844.263729449003,1.20082360722163e-07,66.3267568421863,3.64732613006409,0.271842507126249,1.82297816404575,0.269475525427124,0.977010568379454,30.0304287072967,3.93213035783476,121258.434711729,5.64522008936949,0.823042950425292,29.2042615620198,0.39787656704842,173040.086930312,0.18487564471556,51.3292881075009,0.664099346005391,0.299675046026225,2.72396906065006,2.72602907449632,1.11919604380422,1.65373707641782,178.54107379453,5.39225988658712,1.06732382559914,73.1615215654932,0.356943369930491,0.798926170313337,51.0171407471112,1e+06,100,50,500,1e+05,0.0462805999308285,3.53603259447789e-06,10594.4749042419,0.281208653695417,514.777982198608,0.300956718427233,115.399916487092,0.0831064573747093,8.25809273380898,1374.36078176493,2.54367799704627,16.0880131705833,0.0975029515863627,0.0299128492751105,0.10040326017999,1.77925791531455,7.65040578697662,50,0.000547643535737649,0.00363686940817961,0.168608941201332,0.0320201172242221,6.97389569051056,0.0429368129382531,0.0214440650298265,0.0180819394966452,235.283488608366,0.00662798540691054,0.0228148150421725,0.647225677923746,0.0882373012841593,0.573195597705772,23186.1620211106,0.087366141368087,0.0020864396487601,265390.706949318,0.510672015239073,0.118401883147736,0.0502406487551053,0.19826252560106,0.408967043076497,0.163151200780856,0.0339088346895369,0.161450548582028,0.734821886653336,48.2183158865035,4.5440910293578,5.87255729773274,90,0.000533107215888038,0.0477486724750356,3.33578924200842,34.8693197132236,28.6859743235535,190.2589003763,3.2353201303432,1.26819425878647,0.714191684153335,6.25898624626365,1.67235004634517,0.838613750051416,0.282308121680501,1.11109926695019,0.123165267594756,1,1,1,32.4320154372542,107.715646646512,245.27806016443,90.0998686277107,483.329486516905,0.163409640967478,0.0199117878316672,0.0486813122700971,0.302187596553654,247.241944867504,1563.32769702822,1556.68171823723
1e+06,0,860.065834260184,1.07224074988408e-07,77.7927393635771,2.58007717874796,0.112242584624834,4.34393096162005,0.519848096482473,1.68150635337858,8.13291295473407,12.3499321849163,95630.2943552844,3.66134464149221,1.83438904711392,83.1835779096717,0.260153574683127,106509.885819376,0.30428238080099,91.3902416317734,0.582759575311586,0.199785368531387,1.91383774789702,1.90708040894466,1.82483751171644,1.12445790203568,164.526018285418,6.94384438270067,0.628468728640359,148.384710653438,0.534143196705789,2.968769927481,18.6933103763152,1e+06,100,50,500,1e+05,0.0322972926529966,1.03166678951799e-05,11874.0348439303,0.0778214846980152,740.462468301508,0.0582588070449763,33.0293673638683,0.071573787213858,2.4682134663474,1036.71634456987,4.40130273787496,37.0083857407914,0.109091123099402,0.0586604496413059,0.101363546041565,1.50282658475397,6.03841520110405,50,0.000780572999729041,0.00190318751303697,0.34016488390889,0.0375299390718267,2.75994095882744,0.0370149597499517,0.0477438128490461,0.0124031647129828,969.310752060024,0.00651530100272708,0.0887875897299999,1.01729198132473,0.0796523423251519,0.287735900398776,22826.6534446972,0.0913420669568774,0.00153434431354621,249902.96590807,0.392513676468716,0.187438185546493,0.0230972704993413,0.420079442114841,0.697858235284511,0.22931716575645,0.153842317859999,0.159731765649138,0.256325873309312,28.4131006442266,5.00445465233318,4.28533866930785,90,0.00129004128996023,0.0338084334686172,4.16926599207656,35.7317765678575,30.2714123771234,187.382735983866,2.0435169147381,1.25133831378753,0.575039225595225,6.37808593308677,1.13094608615653,1.25080627510662,0.479039834048791,1.30189478322264,0.0561542429393038,1,1,1,25.5061071368802,149.815347046773,445.124383068326,81.4981782117842,402.809626921074,0.0783415295484969,0.0198117565528913,0.0700794164928863,0.471046072954219,302.390867383611,568.271793500723,2257.50382327547
1e+06,0,1819.43255395899,1.15945409304084e-07,109.422841945894,3.12936571486928,0.18057356408964,6.88461182262472,0.63446623491947,2.01719301961613,13.891001774466,3.83872981581751,47988.1911232665,2.87028192512897,1.07692679893674,57.3979321286101,0.283826444892943,216109.727073202,0.297023827159321,68.1757000421507,0.631029900758295,0.192766951232717,3.96637993141853,3.49966840301946,2.96009373366367,0.779908566318693,225.86873594388,3.90353735513628,0.404990907204525,161.467820439018,0.477282817526835,0.801064905021316,45.6283004092903,1e+06,100,50,500,1e+05,0.0170356410913965,5.21470337920813e-06,9966.39004402507,0.276235806458902,729.649412194943,0.106632719292852,14.5719376518993,0.178149664584012,9.9359864696259,1269.08662931454,1.1262437217389,25.6934012705893,0.220138994711964,0.0691437675058862,0.0631621878139372,0.487566662642746,3.94126286430184,50,0.000553329826748326,0.00415061806966083,0.48131300322428,0.027308483280221,7.1406805845382,0.0341863265868969,0.0403159785844349,0.0155584775707836,565.886871016572,0.00312425001884853,0.0414055282006291,0.529444430394704,0.0882714371679476,0.520220409035315,26302.755549194,0.109573388830092,0.00391120827207791,240046.929551297,0.80117243697168,0.187427163001632,0.0740288447237964,0.158631590797376,2.55772806141295,0.131337217697186,0.0559030994867146,0.144944245006267,0.637811670517903,49.5387107591418,5.19480321650172,4.19035209366808,90,0.00221911805789173,0.0309755886934179,4.07856480855508,28.464102515401,30.8554484862636,194.045167221432,2.15805627078557,1.16121544388838,0.998115665666235,9.03257657593226,1.4969620472804,0.870721477810466,0.406301990686857,1.69870851401477,0.163795859114895,1,1,1,29.5507202165647,86.6155750935359,330.025240659606,120.996694138158,495.401686183977,0.128734495493282,0.0238602736547247,0.0799365140261315,0.191582139229099,108.694924990677,935.899220384535,1456.09585893388
1e+06,0,745.917327447589,9.02993737721646e-08,102.190696396842,2.84417311483762,0.146018574785096,3.79144217369707,0.376021742368824,1.90080302170662,11.9042215906857,2.93642958597906,43274.9147983309,2.87431329832231,0.870140491418211,43.078002442382,0.377501738393742,88877.7958651673,0.400036221882758,40.4244543668361,1.31073589443662,0.154041879260855,4.67497172037497,2.24923882376435,1.51403176064409,1.13574861144207,174.233556389191,4.95471819195282,0.441505275571121,138.948599473796,0.312854788664217,0.618640283308579,38.0385685482638,1e+06,100,50,500,1e+05,0.042008345682398,1.04015202191923e-05,9088.9762708435,0.0738695696750616,395.949918325864,0.0691632344618769,97.6872775109033,0.145505359510614,1.92769192718363,696.421897667114,2.17104734758682,14.0756033467582,0.12365313349296,0.0721090681367155,0.0809984385783652,2.18255029996794,6.27454501092772,50,0.000537221842405844,0.00440264950101792,0.487373513951478,0.0208956530501461,3.64309972518216,0.0755565788128669,0.0203753628543835,0.00562444249385521,358.761070522356,0.00798332067776093,0.0535378387754292,0.417512993480871,0.0688870462431258,0.242070230285766,24541.6381125302,0.110061862010136,0.00303723008815678,222980.400879189,0.524268691415161,0.131481991402702,0.0586497718625745,0.0543909295008619,0.548802385654367,0.490310954301551,0.0458720789491705,0.374136792700451,0.946106037097167,90.7652259916388,4.49727310045706,4.75909615449513,90,0.00143577338370532,0.0512859146378034,2.63885256407433,38.5225133694814,31.857896910306,187.369491371648,0.792902711090295,1.05198685771152,0.47055456216965,4.50128589827924,0.803091405635925,0.56251504329042,0.47529052639516,1.35019624661798,0.106250709284074,1,1,1,49.7892244321936,133.139683743801,203.119668388968,64.3572233302113,329.935241766023,0.105033507835541,0.018925127291956,0.039460447235851,0.13776232901066,155.991733390609,260.561992789818,1620.54702321502
1e+06,0,1138.1133943163,7.15796762706894e-08,146.374824309095,2.5886953230487,0.132369564958689,2.54316207784766,0.466294199339826,2.39450764964699,10.5245593724783,3.71934563050813,77089.6691366151,3.66452021605211,0.503752555433098,99.7384630655708,0.424963727821371,59588.5096762626,0.104202703715554,66.5882335130356,0.770480684431838,0.102206809517159,4.06388055174072,6.15806770829223,1.42154777019905,0.857653362782384,166.974714733477,5.51911068409355,0.651959355818869,94.0011957688913,0.367578812934938,1.02154880855709,104.536648533041,1e+06,100,50,500,1e+05,0.0297553584851578,2.31686197693851e-06,9911.41339776337,0.190495061985969,544.750809789716,0.0834930355225361,56.1292979139816,0.0685496345762533,5.88461468917146,933.41595635036,2.49002961645428,22.4222078186948,0.124456683562011,0.106028770262017,0.0999446137728999,1.93268967845972,4.02667417752015,50,0.00078189766138819,0.00586978474252531,0.28272170142809,0.0179613786460163,10.7451877970717,0.0483513330322232,0.0416584924471137,0.012690656176184,678.518331460864,0.00621047784070698,0.100823090567518,0.644254515520379,0.181515833602951,0.797532372614898,22310.7841643372,0.101691788244885,0.00291826318863058,219396.123811004,0.417845066243125,0.0812851177808265,0.115559415162394,0.272545522162421,0.317711318585553,0.112609955442639,0.0503695465162073,0.0833557995372242,0.376101752728108,23.6605317855182,5.59453912718945,3.82880387853238,90,0.000355204051565636,0.0484358926104462,4.0333512655201,39.8829355067085,29.038846687154,184.774320525817,1.44227953857835,2.68567039905982,0.620373229768664,5.20292849301208,1.29022655582066,1.22661625267352,0.740666167777397,0.413680814779343,0.150492250587373,1,1,1,21.3897959416068,118.787949392294,223.073096225513,64.7245793323552,419.869720660738,0.158728438088126,0.0128562852575012,0.0618993125079607,0.262163458944917,196.321183978611,321.12149526267,2028.33571016267
1e+06,0,1080.2976540234,1.02773685433783e-07,68.1664129440839,3.18986876579098,0.335295976104301,7.76043571199066,0.771701567349179,2.07665826382536,6.23653676632349,4.65295645975878,82123.669140486,2.20997107760137,0.757716672757248,70.8271276721783,0.305935540301387,208275.163458441,0.383787093171798,95.4156802588983,1.11168538450865,0.151601201275732,3.9219647524181,1.44793839656445,1.34088642852804,0.655619142825509,267.333311267271,4.44715492305412,0.684240314425128,54.4738419417473,0.574060113232396,1.25871421525043,56.4594179106316,1e+06,100,50,500,1e+05,0.026943410491589,8.51228801556095e-06,10554.3919476396,0.248421546379276,583.707276552849,0.20609690873762,39.9967932425037,0.0926864235155675,6.46755031191288,1139.34044317112,2.32201659012457,22.589041646452,0.200399900755875,0.0602120349188857,0.118071189632564,1.24234222685118,4.35246680713384,50,0.000279809803102942,0.00743632149120201,0.195881633962003,0.0239485108360234,9.11185973747269,0.0348046543417634,0.0277989211805485,0.0114256092101323,415.08134732109,0.00250458740247871,0.0474188783645727,0.426324081121026,0.126268738049153,0.398184523604503,22877.1735821012,0.0967348348013058,0.00118091032354379,236493.643981417,0.508962114497214,0.0899841575916035,0.0548893650594451,0.201490427248093,0.838708370021917,0.231905967083682,0.0834707625560161,0.19077793161047,0.598339147960094,60.3197793728622,5.34139505281614,4.01116591351748,90,0.00208733738637038,0.0472905085360962,3.91765030519169,44.8184661802268,31.4012203314553,206.935588164553,3.34311377505888,1.23342449438284,0.829798168105763,6.70288901773137,1.40297122128487,0.747720954774905,0.506415793852028,1.54886237720692,0.0427700580704499,1,1,1,25.8433866877271,100.995887806416,355.444002907931,78.407393425617,671.7817348774,0.0717539200048515,0.0173785437185346,0.0395394882811551,0.466627093204505,251.292029131225,879.187324731885,1537.33071908341
1e+06,0,845.639487573183,1.27581766724436e-07,139.282446450165,2.98448053475604,0.245161183672906,10.0847169076292,0.27446481102639,1.51548391037634,14.5888038241222,11.5186925048176,91808.505488917,2.99702569208714,0.765367174163668,42.0172463267478,0.369148775187521,204632.343881232,0.266695358707049,76.6934605855619,0.555474580406269,0.108435518296734,2.79202747013153,1.48206495149376,1.35225440538501,0.570272983650757,204.443722061509,4.3123436224876,0.758908663022771,214.784211811773,0.415950277228664,2.71477619352358,36.2508730728563,1e+06,100,50,500,1e+05,0.0470198662990344,9.15677765163783e-06,8992.95102767912,0.0720426621040652,590.005899971407,0.07856267029764,45.1498350473495,0.079587787110261,4.00730803160648,885.430556098177,2.14674060376881,20.7883217038584,0.180330230639552,0.0591905422756358,0.110990338680525,1.67131671752286,5.19835727891455,50,0.000609412272684423,0.00425017671002826,0.163728962378622,0.0256947344046434,2.1850311717854,0.072129346440079,0.0315647326312716,0.0266645087432044,1206.97751330659,0.00603738455218195,0.0258664638971684,0.832049147986075,0.156352182068541,0.898803541865312,25120.19298516,0.101712355116109,0.00157347899526749,246972.877154247,0.260294361455061,0.0872764695757565,0.0487736665264758,0.138768461723488,0.444454738659202,0.390454169649065,0.0781971525890066,0.63341718136302,0.588182599917169,87.5589261811818,6.25662899449612,4.37584560066403,90,0.000910768530740608,0.0480768842500746,6.87927143896995,35.7034463112111,37.7749462304318,216.863773353933,1.4468097176769,0.942426256455616,0.748616099532932,8.32333680965817,1.73093133582192,1.02081276282245,0.648630048803551,1.85913517948366,0.109294516645938,1,1,1,30.4757249299184,66.1509434933007,147.455588121551,120.948885631633,316.434149740083,0.0987961975498412,0.0286756623156065,0.0701864531854596,0.283038888681324,194.957698849252,563.46021549016,1477.05007777362
1e+06,0,1055.98431752972,1.20601640169361e-07,204.093150179087,3.04402582090805,0.314593386158669,4.29679758611055,0.261735242083148,1.57431713599029,13.4268894803196,9.01354164041711,209024.631537354,2.4334475366837,1.92497143956966,64.3141764016599,0.288663122650697,65573.3607725606,0.268173500630379,42.3399526297051,0.735286900063443,0.184552364324329,2.8314199493481,1.57372480361672,1.28317717262089,0.544546629694684,161.843212166507,7.58913094326985,0.412350808757247,105.121827911212,0.452716818850698,0.882721722653933,32.5298870382257,1e+06,100,50,500,1e+05,0.0273024558338196,6.62641495060774e-06,5637.52979912298,0.478926090527159,423.869492313072,0.0995501718518293,63.9021899747638,0.0775192491293738,6.178030886105,783.286202291171,2.8101629751021,21.514254152981,0.128806452708313,0.0254514196440742,0.0767746429163806,2.30955237374445,4.06227983326468,50,0.00103308261039099,0.00303381165335544,0.278265827116848,0.0406608329708103,9.02600749189322,0.101473111458551,0.0456671957690669,0.016698345331313,1032.22403910031,0.00639956523337447,0.062827350253742,0.883492407979967,0.0738918006720918,0.599585299352118,26548.3684709226,0.0812268119679829,0.00377737156004475,326842.428352194,0.701841628263558,0.0984591582407015,0.087289099688596,0.238802660675521,0.699614360551084,0.30882018897687,0.108590452859522,0.0539795871524059,1.03290713303093,47.306118614167,6.63168456057151,7.30319725421879,90,0.00155519487630321,0.05976164054226,2.86772426493944,33.277682286104,30.2579151322325,167.041134526442,2.42490963149038,1.23182105673845,0.577266818473891,9.41109342430937,1.75550255609701,1.35979406288515,0.502579243622895,0.594778570858221,0.191518365771899,1,1,1,21.6318177299834,66.5409548254333,459.657559076661,63.4619316722309,323.901284249476,0.118190027494641,0.0245095250278945,0.0416859796711333,0.238154892510666,147.749853498623,671.593529334172,1358.38222399061
1e+06,0,1377.1482591327,1.05090008345775e-07,86.7999443921337,2.61279492565559,0.351660664180182,5.74778363419559,0.411945949966432,1.60491470216548,12.7674959121405,4.36633991067237,64383.6279747659,3.60074894057537,0.664163215573199,32.9042280400346,0.398809862226046,155329.778188218,0.174189403131488,47.7808182697761,0.577392376260508,0.217336199819913,2.41555252262801,1.70239048219401,2.25612083860313,1.28961815914349,378.272876348143,7.31908774386462,0.317774649425683,107.085008645616,0.517322573847061,1.25667004144473,33.115105369263,1e+06,100,50,500,1e+05,0.0176365116152459,4.35677795698002e-06,8249.08641219187,0.192824663747654,315.907340935222,0.0969426230797018,76.7788093044634,0.0591323269849707,5.83258643716671,972.653382407464,5.92398876217657,16.8986094451381,0.112837659333263,0.0228194940650377,0.157933256288873,0.91917985264,5.01326410566787,50,0.00112141709459744,0.00490789954124141,0.227102318830502,0.0235870331459586,5.60926501500526,0.0417348793688476,0.03207054662368,0.0241418985912013,487.672747712303,0.00709391337278728,0.0403701588693383,0.578769760503074,0.148904971739712,0.503424100331069,25149.8318603043,0.0926379293185627,0.00222196255189889,271485.254963107,0.605495253569983,0.0789905537119551,0.0304642732963942,0.210879716293469,1.95278070756031,0.123755802031225,0.134682012458292,0.188437146484409,0.675217373299963,38.8346775101228,9.45759670058003,2.92880815347187,90,0.000561045171652427,0.0417932062965609,5.04981749284863,33.6206531007223,29.8865727603362,153.948301529624,2.70251393181837,0.928752732415214,0.56507993944653,6.01959041006813,1.42889822021163,0.687287335570029,0.464418024475891,1.10295649040275,0.0867794326190811,1,1,1,31.3906987252818,86.0430739884269,407.969472892138,54.882890708683,290.778911729518,0.143802072894948,0.0185636996679921,0.0377752749287424,0.332389554393072,106.770891403399,546.710973593895,1035.09824307777
1e+06,0,458.472126235803,1.0652614950527e-07,75.5720728751918,2.75469862251065,0.27060125620275,10.4646616817066,0.94614791587144,1.40863832224313,17.1697569675766,3.06190702731703,63345.8541298894,2.61481027562151,0.594951863853812,26.8734869181949,0.359140498456397,127938.086728527,0.263088298288636,52.7400435616609,0.908940055531174,0.193023815543343,2.43315897248931,1.87453836761341,2.38547058407204,0.636060593865563,197.977069403746,7.10092420732569,0.425421291309167,69.7603626208906,0.564249607202796,1.48253486742173,12.5026945123866,1e+06,100,50,500,1e+05,0.0259048408770558,3.906288699551e-06,10744.6319796569,0.156136834260105,376.071580695229,0.0714671656730417,56.1911430773078,0.0828355508800968,3.70246283852381,1335.46240352847,1.75383110130683,18.9563978152279,0.139791420507262,0.0798719142424181,0.094144896514495,1.69984502763993,3.91338326562946,50,0.000732419355355537,0.00227206910472622,0.378958456206958,0.0409261589770281,3.25768599581859,0.0579784170482061,0.0271641590301797,0.0294483759891465,383.686603422508,0.00632388902600117,0.053475597183673,1.65283213965023,0.102136066538953,0.371102902981287,24737.624389512,0.101523030612399,0.00151008818487825,243665.149082841,0.378989453504391,0.211893549144506,0.0453883457099207,0.189188038950495,0.497745518344889,0.255469247705532,0.177614135776443,0.208891583638729,0.830066447806244,32.976202628608,4.8164782136154,4.87675759117997,90,0.000597098910007681,0.0354988815957959,3.66588863489761,31.7816756327694,29.7458340883902,231.953507099894,3.62552369277847,1.77194915535068,0.484614429780685,8.54614874504298,1.87375536128638,1.81901404397635,0.533949209377146,0.909491163094782,0.0825706361296626,1,1,1,29.2315802641599,50.8553708934465,325.548918159124,52.927129849151,441.814290638056,0.0875111700857898,0.0200901420735652,0.0472878415390688,0.232501249835231,247.480627075705,974.589598629956,1574.64466354435
1e+06,0,861.509672314379,8.86475758262755e-08,128.608992354166,2.68789388187926,0.261105572897598,5.03437953730454,0.299110734910785,1.15103285778155,17.0929495722536,2.30425399906255,237473.592687804,3.5014855903925,0.858820111501057,41.4192701696885,0.318320409353174,96392.1336949626,0.151451362716715,34.8329206831821,0.839657473603826,0.267803232846771,2.21095456603869,1.8363350528547,1.17261417038566,0.729364329287299,213.599046422874,5.9623795728955,0.461346320417364,149.245956120281,0.795395410035605,1.48198662961197,17.8457912514804,1e+06,100,50,500,1e+05,0.0349674591873474,1.05355454805869e-05,11939.7070529399,0.122718814179437,430.793212823484,0.134993883768899,27.1588079151632,0.126313673622907,7.75410175175778,1364.52136894272,2.52840056414699,13.0067697235983,0.136000513258016,0.0246870696039986,0.0987140829851885,2.73751269625323,3.99353803177184,50,0.000895634504386322,0.00510770388283159,0.193905128208476,0.02288989856409,5.03555717906364,0.0355800017678935,0.020683577193522,0.0164880288747669,510.968486772836,0.00789685492554159,0.0305752593208579,0.653358996156157,0.0925250640515548,0.660015186684585,26138.430347692,0.0876905097820175,0.00332139477278247,298075.931051915,0.625944574005173,0.067782823431439,0.0404909751233933,0.100100424517274,0.982054986542443,0.189079878521349,0.03418552458176,0.134608308390623,0.675275860166239,21.3844395907035,5.72010826286174,4.03461598975628,90,0.00112165180870964,0.0377634774571095,3.33492758104916,34.3188524831772,33.2596111063933,175.101063988673,2.09596865988859,0.824757435677328,0.549389362861674,8.39542975933388,0.519036184319134,1.0034163473616,0.53006318232528,2.20729884083284,0.116694496969734,1,1,1,33.9460772996059,101.000186070422,303.693042283927,130.05545782691,606.821871752701,0.125908101271652,0.0255964504228134,0.0603125308636469,0.238177899088861,203.599797238849,247.008527668748,1250.43928808353
1e+06,0,911.578488196032,8.94975925412706e-08,76.4884781742774,3.17886923462415,0.666831153441902,3.33465428111242,1.11905571306882,1.34044583232277,12.1296041968536,2.51651165720617,75705.9514001017,4.12876451708592,0.686211072900487,112.088708286532,0.177116475559564,159917.557769155,0.355159436728969,57.272864260043,0.949836439543715,0.343130225670503,3.62217732767601,1.11931006748427,2.18548718750625,1.22824610701288,293.135070790421,4.32269386057101,0.252049279543361,56.9238464452547,0.490001972559712,1.08885977340805,33.5334186371927,1e+06,100,50,500,1e+05,0.0330346023926718,1.25438132842163e-05,8123.48954434442,0.105127689700157,323.449516581802,0.216667062859857,56.5869241425393,0.0791916967624756,3.82533509019325,925.181393079289,5.90571101153913,33.245071694323,0.209896098828671,0.0396015688568573,0.150654676965575,1.93961568858312,4.21279542434762,50,0.00158375856658128,0.00363530080216721,0.291725197965213,0.0296885101913168,5.54638977164504,0.0193407646594079,0.0244979233729684,0.0171017296051809,218.173149337133,0.00786248476249513,0.0830367654045307,0.39434501880628,0.060150540897504,0.754294493385348,25321.4882494954,0.0991380528160439,0.00226111517338715,255416.43728348,0.666306747214933,0.0896881638821187,0.0363405413529177,0.259786870950385,0.690659146827609,0.275320214631764,0.0875358718707403,0.225203864848439,0.590192977509223,75.6313828596763,2.29263901000366,3.80182387293055,90,0.00122102117033648,0.0796016634797172,5.09253135350231,40.4014674234721,30.070534002819,180.658747017851,2.0269836055107,0.920874955426779,0.919497731606716,7.84761359837244,0.586760156260793,0.685114826534264,0.43196560962981,1.30270535527227,0.0790948411636632,1,1,1,30.0442906274565,89.8556813769043,335.644909365001,72.7362873453592,459.590642682766,0.125524153669153,0.0188824315759012,0.0368361064272489,0.149262844526108,115.670548235337,673.302501118183,2092.02054111321
1e+06,0,1098.20031558456,1.06540402377047e-07,74.1342220229884,3.37275128954387,0.533088210912323,3.58118643888706,0.501187688937805,3.28836588528307,20.2510040296295,3.63308251048614,115207.149435313,4.83856298696666,1.43234289501894,65.1866608686115,0.510713550622544,109473.71994731,0.226226004981917,84.6810423291292,0.649017826821531,0.23188300052274,1.92957637541245,1.02370986723312,1.09383300284133,0.842900809222567,223.576611763651,2.6632138661696,0.516686431287336,141.161436680812,0.577061923127924,0.48876874600137,24.1397035828632,1e+06,100,50,500,1e+05,0.0409094446334339,4.34318596714058e-06,14088.1385295922,0.181137678204165,631.994549875834,0.101845890794407,49.5354701724158,0.106195358613233,6.08498209803837,763.225642838959,5.02494976919853,22.6745820893952,0.0864592580183246,0.0447733844840328,0.0815899553352093,2.54520016844484,10.1217520471483,50,0.00062741379522111,0.0036820934041593,0.473043600722938,0.0398274716649809,7.86199807177653,0.0532340939073833,0.031398830196173,0.0497003502258396,322.095601346522,0.00435148161672532,0.0613998537515305,0.382146608367882,0.0799636857963456,0.394329933090972,22505.7396139114,0.104767412841076,0.000791012717642449,214816.220078383,0.599929192390432,0.214903324156552,0.0448273137611198,0.379698159320216,0.387496588941018,0.133970790955354,0.0697518924249007,0.172559508715026,0.4018175280904,75.0821422887134,7.03054643011806,5.36088506418559,90,0.000761087211311062,0.0399258759560913,4.08662646284854,32.8920692355685,27.5083804411274,158.454244209993,1.43736203580693,1.360871657537,0.656072145150152,9.68943940521898,4.23134284467318,0.483823902158316,0.627043134090557,1.12426247606723,0.170027858916572,1,1,1,17.9256328381377,103.654814796392,445.562433086302,45.6837985035232,409.378930356387,0.154214650377489,0.014772420347048,0.0406799774290731,0.310018270169245,117.803514319277,548.615606604553,973.810567800847
1e+06,0,1162.93047078722,9.89168696586364e-08,73.996838804734,3.16352381243377,0.28590264073531,4.13182882518414,0.901691747057822,2.9087707523865,14.049312408713,3.91897777696516,124998.023744649,3.52742122936207,0.773532658305916,78.3475095061804,0.39450037024734,69299.3379717423,0.395767480460947,49.1521188031078,0.704921169820468,0.199808310244075,2.85963533389298,1.55294711323034,2.48937968411043,0.700951457225662,261.810524544718,5.03131918658606,0.213009163571072,188.708425043313,0.529056380456915,1.53358045987249,30.6279923181603,1e+06,100,50,500,1e+05,0.0261557753482364,7.80625720044265e-06,6334.96927173168,0.206198787089454,404.34727362905,0.237466207237147,83.7856462358981,0.0779179944467552,3.86706261948908,698.881616566407,1.20921662726326,18.106287047835,0.093420826578686,0.0498683535607693,0.0632950577728142,1.19453193244284,13.6192421852442,50,0.00100660186003438,0.00226807634035473,0.170627942915556,0.0461716855881598,8.32910533129533,0.0296752949895319,0.0342602025188551,0.0162991889238529,1005.72927288426,0.0086452119496299,0.047628758438832,0.636356028060691,0.169705947018577,0.906968284446224,27275.5878367897,0.0930715430572379,0.00212175603690289,293060.445124623,0.30839666872562,0.175767589504069,0.0862948520003498,0.102947204955381,0.654904458167179,0.482796144591786,0.108197059778832,0.224010467962498,0.566126706208394,14.6062434102375,4.35716725291935,2.54740769747576,90,0.00120698796384914,0.0734824801767686,3.60864439327175,34.7458652145816,31.1147308931662,191.73096900746,2.34565016350843,1.45989302128996,0.472325333610331,7.85886407272444,3.19562178005059,0.954492789823585,0.548696476811451,1.12865065616901,0.062220471652157,1,1,1,37.0261077410189,106.101920551114,232.131277475338,50.3340770072994,342.643573566732,0.0882223372809953,0.0381603916292924,0.0614853097074399,0.163659343575218,220.383785005081,1183.55225335603,2239.9199124981
1e+06,0,448.518727892122,1.02155228543708e-07,108.68381123972,2.52502257692255,0.231301007191502,4.25538842534117,0.500473832227982,1.40029283122265,28.3563685622609,3.13313514706839,120854.849073572,3.31696117985138,0.755599017569164,21.9699104636826,0.354360617723368,138564.938501004,0.407858181718237,55.3570619497946,0.669971845007707,0.071975920324952,2.85734756517828,1.02719981160511,2.11552653995883,0.898631080133352,174.265036440014,3.06897414180906,0.458216680415877,138.733899881286,0.552835348803293,0.344448308452962,37.2422064877165,1e+06,100,50,500,1e+05,0.0168432023536014,9.05858247372247e-06,9665.16916488455,0.0761422267602556,508.402031879203,0.0760156089710409,52.6315238269111,0.102256362172403,9.25303583098463,1246.68835204312,4.26651853385596,21.6761166983285,0.118990559589657,0.0702383712303158,0.130594876618262,2.39300346951129,2.94958946982177,50,0.00141085372761761,0.0057182619102094,0.21039691725037,0.0359778727271612,15.4309803255623,0.0414849334874009,0.0353477626269458,0.0374442770614519,538.362117910402,0.00715119057867506,0.0403454323745623,1.10464175013486,0.108702081699321,0.436368243165902,22343.7843032605,0.110263451586225,0.00231601886374117,202639.986158857,1.63110178316525,0.152791750467247,0.0455297779678518,0.291537943488377,0.476687618482818,0.166934236948959,0.0409935563984929,0.183991320498443,0.285677135031258,25.3407647227469,4.5875761278457,2.79962400702837,90,0.00218277958459748,0.0504431532494107,4.2707445964381,37.7992037155104,28.9413219845392,214.849150944114,4.26182118960801,1.45859764368616,0.612222682755662,6.37531686913729,1.82423857433362,0.846395667598279,0.777081582785144,2.26267979480901,0.122755690211319,1,1,1,34.1514112623691,92.6782173186087,468.903301172778,69.24417667698,547.432042851127,0.105618902316068,0.0212558451907246,0.0475956885072505,0.778213220067949,202.400272961975,465.213477845249,1810.05915248673
1e+06,0,1297.40601931532,7.22338746625009e-08,156.131169093592,2.72528616180506,0.490279939228233,5.02789638682754,0.482964928706195,1.51928764160653,11.0907210642998,1.73898563326736,111922.781925202,3.62014204175467,2.25920003791429,91.4331353067901,0.347281582423909,113334.752220523,0.262322651877054,64.3815385143089,0.43735368377228,0.280936713501723,3.63152152444671,1.76801396751295,1.14525295360247,1.00669352870334,193.814989746003,3.52133866211479,0.469441831574146,50.265378567666,0.343666280252176,1.46411163270817,17.930090327219,1e+06,100,50,500,1e+05,0.0220242498343338,1.0202320038968e-05,19849.2931950312,0.126988177096051,665.005625885108,0.0807725301955413,42.4779016499576,0.140329432784346,8.71150226055586,1156.44884974586,1.70930969409579,22.2731007693666,0.205803596839765,0.094102537698721,0.0989099615745283,3.41863637133838,4.23063104709196,50,0.00091092987997224,0.00957266538163061,0.525277454513436,0.0211864219303232,4.15755469940095,0.0404805432742499,0.0250528501927999,0.00850675758629061,640.243053732349,0.00443833872355991,0.0457595498058678,0.295020022259561,0.157636552950814,0.469627070359876,26842.9089471845,0.108144243453778,0.00335691440536581,248213.941768037,0.814813843315894,0.0940243075625645,0.134714399579779,0.135034045737215,1.66039454904806,0.174709614301981,0.076653891180239,0.224561292333902,0.700609707481411,12.7939142146194,4.73306156107534,5.4347773989825,90,0.0018334635120644,0.0574105231496426,4.47676457035657,33.6800635608839,27.5510574239731,200.003302210787,1.75456050219966,0.784220949618956,1.08539570926989,8.77999394821401,4.1443189801946,0.728567709071315,0.518080349099359,1.71346785843303,0.086853895703846,1,1,1,30.6086477502166,114.964852561135,329.310799384192,71.5544859074238,335.63446207687,0.111092481509935,0.0207048109755815,0.0369391664547224,0.318955524225267,71.8671749630705,552.815866098194,2388.55541038355
1e+06,0,702.718624431949,7.03332704760873e-08,169.425826770557,3.11071972466964,0.564574744003439,2.12898113319389,0.526062577393826,1.01558260132997,9.79542775874733,3.17361005553619,238137.673351782,3.11238113132803,1.3513533181364,48.4186199902155,0.573942342502453,93234.4607181663,0.318476025335381,33.2510070662199,0.576717597020231,0.16666592318389,3.53499076510567,1.30387322688653,0.785208955784542,0.847784390227893,145.91532551219,6.09697405441425,0.417654776377938,135.43720039036,0.473528829635483,1.19158934960027,16.8729436095184,1e+06,100,50,500,1e+05,0.0559237444516106,2.7858004905557e-06,14017.9110356453,0.184206300096507,701.913879970312,0.0662456357402122,131.170793248574,0.156000027717626,5.56065368458254,1010.70514301434,5.18071467248506,21.6858607158916,0.191764347279429,0.0521799140990377,0.0943446031210866,1.82680674222137,4.67900531042142,50,0.000848428978654668,0.00550891174774761,0.289203231082656,0.0173934131586501,3.91576062215573,0.0803229322345673,0.0322393521787626,0.0147125454325198,278.565811275337,0.00383640543923056,0.0594648464779036,0.336474465304619,0.113808646000737,0.265331441725909,25182.9711694849,0.128318397372692,0.00235259116922408,196253.784999689,0.292927455597429,0.0556372316258417,0.0312710150286809,0.12934134505811,0.359805817412388,0.169146164893728,0.0332757092287538,0.269806377682925,0.438159352356995,76.542909357095,6.10015622259221,4.85306831605296,90,0.00102557764122454,0.030088115552528,2.61134826735314,33.395448038756,30.4812335645611,221.824481671359,2.04653335874649,0.704874772753924,0.898931559456935,12.1088357682858,1.87167659507525,1.42296776852577,0.776730348218646,1.18307208269867,0.0745185233387026,1,1,1,18.4123834490361,73.4328955812099,314.484212314245,68.4220536836466,610.283773936405,0.111990307089417,0.0264950649550406,0.0492281542078326,0.249938609567481,367.144118287992,634.19353062625,1663.00138787737
1e+06,0,996.480937661328,1.00329518759556e-07,140.046102773338,3.12539097923712,0.353911738647233,4.0046278277125,0.1935183040366,1.44829883720356,6.99344730368915,7.23097885596787,129205.771378051,4.6853464888502,0.642466152976216,57.4795968615379,0.134878026677512,127435.615840993,0.450656579779702,40.2755483326565,0.807323361984656,0.354467768806204,3.27654601314445,1.007071856007,0.797455340020511,0.990102695346295,245.141647345637,5.96327519933002,0.444679324367727,104.761083824135,0.513800131345433,1.83194085273411,14.9063308422655,1e+06,100,50,500,1e+05,0.0267962641874041,4.87684482703276e-06,7202.90543377602,0.199336495585003,462.949850838844,0.155703376575982,55.049900779671,0.105638236989929,7.1657696536505,765.684992484731,5.21107031116089,12.3520106496656,0.167584762972843,0.0636335750998418,0.108283960915797,0.928451049414909,6.48842955756698,50,0.0010943437735636,0.00882423775214384,0.663728893450794,0.0263256842421659,3.56694102107709,0.0461871269900132,0.0424075839028491,0.0386372431224065,271.002585364516,0.00367574109457959,0.0273702784614129,0.157696965114902,0.0950420819262448,0.514236029807199,23308.7606383963,0.0917293612284536,0.00181897399113322,254103.596997099,0.338836216919108,0.416350100669632,0.033273790551728,0.143978785599704,0.445940523516763,0.118263978391835,0.0481496861848523,0.128527856503141,0.48586478278515,51.3579346778216,8.18346606875309,4.61719652331757,90,0.000558271112622746,0.0309374852914506,3.74004311282758,36.56078998809,28.6907021914965,185.974949883994,2.02053633893463,1.06774888057839,0.673893315910573,6.89099193367538,1.07530297078336,0.789973340677915,0.379187185867367,1.23998290129165,0.0923260579658345,1,1,1,39.2576377346352,94.7250600624001,253.364990749381,60.0723011961056,261.317166713178,0.0740090801169481,0.0236772004249873,0.0500482837466371,0.29771533786625,170.38558070312,250.292393797294,5817.96694825549
1e+06,0,668.477619630594,9.94367503246885e-08,112.351446718371,2.57989495891612,0.256113723955567,6.00115788975112,0.667603443577671,3.13883364364818,10.7980262004343,3.3441883608341,127074.783382264,3.84648915792363,1.62859415019483,46.9395334528924,0.387178019796035,89925.2954207347,0.07624955911299,35.6109825436328,1.0407522927241,0.191322534097972,3.58471174929899,0.924814196210633,1.82971904633393,0.530225453224841,172.904676506192,5.98607548928465,0.462150027775169,228.09551582494,0.446028653390999,0.934871856745033,20.125136559568,1e+06,100,50,500,1e+05,0.0150171077694185,1.8842917236644e-06,13199.382209748,0.144697705996067,384.02731442923,0.151137378199605,48.8905338879448,0.0788397729687888,5.44244842177376,671.382366560101,2.54089880675249,20.5536639002009,0.128434248572845,0.0348747447166524,0.0981278692683337,2.9142112053723,4.37732764843292,50,0.00148729796723048,0.00493817340506668,0.140643033175332,0.0206287031139386,4.61970883666646,0.0331785349909823,0.0365292430347355,0.0306083388271132,176.848815270241,0.00701836646569843,0.024245912061074,0.303030478043583,0.152037150234574,0.306384256687419,25511.4997542051,0.0945288837447216,0.00469164093900605,269880.471910572,0.699844810087805,0.121848023298471,0.114129099782453,0.149652458025811,1.01544812178036,0.221850861917771,0.0418947922368441,0.084718547232761,0.429391495036782,17.6683144605756,6.92817111959075,6.40686350343059,90,0.00107483865441616,0.0583107231444541,8.01154111849773,42.0412067752286,35.2285592498372,167.906847188763,1.27382390566105,1.01994116670036,0.623814894107951,11.2496501770896,0.752017004511234,0.792856738855674,0.386274286407159,0.451884142603637,0.14725248958416,1,1,1,36.4670329752334,85.0101113949703,170.480891696635,81.1470845659408,364.620596249132,0.108472864969929,0.0179931754829553,0.0234987396201437,0.235869666083667,150.254240012481,315.00724805637,1152.09768378087
1e+06,0,1488.99161539371,1.12701670244591e-07,51.9487014028358,3.10438399609821,0.422867221201248,2.29015254149168,1.19055538736307,1.34031289059891,3.10275352735942,4.71573760706926,109346.973813506,2.84958340516486,0.970932151296284,122.446501374423,0.307891302086079,156018.256293498,0.460795769310588,42.9778376768238,0.673050982308143,0.302804186615685,2.28486696244736,2.32589702472598,1.94331285621749,0.597265017991765,155.781597788159,6.04335239248625,0.375885727839237,169.836858322988,0.560181627613956,0.385892824641374,21.7051811256555,1e+06,100,50,500,1e+05,0.0240786009813791,6.54775579390617e-06,8366.38384698784,0.212036329792891,835.816540997356,0.111726699768054,90.2284767127504,0.0735783142347732,3.32092031036977,860.582154886569,1.47980591862889,16.0029731444219,0.135749752130801,0.100140272976106,0.0744359714653837,2.61176114956215,3.66528542210977,50,0.000637358318517924,0.00740435329960546,0.450462400901553,0.0373222193058083,6.38423733651559,0.090069239177067,0.0422521879352818,0.038317895035969,235.942129999595,0.00559665211376322,0.0322522610610381,0.494342191957297,0.177864537177533,0.410777782804441,23880.5629773594,0.114527415931704,0.00138646139428238,208513.942125439,0.542713628296613,0.119553815500221,0.0431559098788719,0.347835993057158,0.514474304845993,0.19149900697978,0.026071897667451,0.100920529094384,0.665100287380752,32.1954950604799,7.49104008010034,4.23493738877917,90,0.000998114775205488,0.0637520225222043,2.99482488378921,35.32186602724,30.6487322868453,187.617801977278,1.02459971406432,1.07037092336906,0.545484866843063,5.41794528934118,3.81580443175103,1.51530694213728,0.312087754030637,0.441581094274944,0.0834557867095771,1,1,1,26.4329930396573,109.36785680701,333.478244626308,74.9269783862687,362.492910007272,0.136211561801358,0.0160510629651635,0.0470647307967383,0.569188562517809,215.118197425806,307.537531698196,2236.5033582309
1e+06,0,803.639129827577,4.2924446791855e-08,160.890472886066,2.85601215526683,0.243836647780274,2.64302718921868,0.240326817927064,1.63899393891533,6.06120069665726,1.79122400095187,130599.887773965,2.2257069158435,0.661974869585412,57.882987628753,0.441010424453836,255197.002299591,0.419903956689263,29.5998228827966,1.12311256089465,0.130589270770313,2.69937113170348,2.03574406000546,1.10129766237442,0.612330593566348,445.336051971892,6.59648117575909,0.409388962168472,90.0877962096424,0.821654473858749,1.50305427311525,52.6616434602108,1e+06,100,50,500,1e+05,0.0254406890980818,4.33295046282605e-06,12083.8816384325,0.0971705073438637,467.033732361166,0.137859603032055,77.0295001161368,0.0989032919720133,12.5507848860886,797.295375602153,5.61739684730798,17.9676261011959,0.206274076532968,0.0344075966484787,0.0652562891123592,1.0085309637499,2.18365394000247,50,0.00111021061292444,0.002871431672968,0.236397074814022,0.0208563605412127,5.51531281493865,0.110312159648446,0.0289666336911044,0.038229483232959,389.213658999343,0.00356154304546639,0.0472865133608784,0.389279255122206,0.219425862925548,0.581400464251719,24841.924200601,0.106947262356496,0.00201478839391623,232282.001925336,0.494461956216674,0.159172362786968,0.111105536380105,0.296510430872731,1.25680324097465,0.215373191025165,0.094141525430614,0.195790236392827,0.920846557209677,25.2477611927986,6.21536782296652,3.82464142149093,90,0.00170731865493651,0.0355624259593186,4.20949293745139,33.2706388731064,30.3918915458414,170.7723123013,2.97634773741803,0.830712679710018,0.5082004376579,8.417153557162,1.25467305677825,1.01699551184669,0.530498952406001,0.888046955302572,0.0578579651195913,1,1,1,24.7553129183577,86.1634340307337,364.323369981091,55.4982697603787,268.607853635268,0.0825030232809351,0.0178992719717908,0.0323432285309514,0.273623984445358,110.181836993881,479.158300741284,1720.59497372045
1e+06,0,1213.77903831964,1.21868336250964e-07,117.765706749753,2.89820634278745,0.238296455280679,5.83315459912679,0.402160961548597,3.22248552115115,5.04675281507776,5.79961324301039,64212.8338958473,5.21669246783119,1.88190704171695,26.7886542724766,0.306953396058486,95212.5752615112,0.128092014187486,53.2463101969056,0.488019617655932,0.256796869102678,3.95055714854124,2.73032493844511,1.31416640397312,0.892967296526365,209.441602859863,6.55713301699044,0.207611256190457,81.6718391164999,0.438807451587322,0.657962226574555,16.3255805043067,1e+06,100,50,500,1e+05,0.0267503355041768,4.52870891737913e-06,11673.8765468059,0.146426874825556,717.631954669644,0.189971442430693,51.4467950275944,0.0866145303964496,5.35616175715276,769.573125020963,2.03557675284296,17.1487785924267,0.142926697647327,0.0288980388286433,0.120695226340885,2.57467817190358,8.36700273685886,50,0.00117445618101766,0.0172263443909294,0.54215104433172,0.03213037261866,3.47826695118387,0.100079125693048,0.0348974963610952,0.0250788151538281,482.167067259967,0.00566283942319647,0.0372845026831907,0.67401247543014,0.0838152657333776,0.277234691361653,22204.3892125061,0.0974467860057169,0.00117267789915106,227861.688647211,1.24025494536361,0.0854021886300169,0.0686681699741367,0.215055380836271,0.514379790161951,0.313589528704787,0.0919507237610382,0.103439095577271,0.456466621652809,35.5848524499297,4.22764300898837,5.45493638565099,90,0.00151725295307807,0.0376387656511657,3.37068271139121,29.6849906994938,26.8114293342165,193.949581976798,2.04725480126236,0.81095425202103,0.763894613167799,10.0561035820654,1.06469064582584,1.0448986089549,0.663801415403995,0.695969736255172,0.141370721114508,1,1,1,21.2659119563762,95.3493993699011,195.585765785196,42.7572223940764,586.513291191246,0.0830561808422123,0.0136183002445557,0.0592244076328683,0.26598336317778,112.236989368055,464.954319037413,1271.74632986451
1e+06,0,1705.30662565808,1.03730592132775e-07,108.999961405243,2.92514165955031,0.510917392133962,3.23319275618775,0.395977360484404,1.42396584987568,4.05497058677574,9.17481565040341,48423.4694633767,4.9049576746188,0.751628935137064,23.9035646330069,0.54461174896168,71529.54944471,0.148453311456109,59.5807341832973,0.89328196922033,0.279469306642094,2.71067286146879,2.236953602265,1.46051238206631,0.781921467378992,173.439753083365,4.36555049871677,0.397091787132395,76.5676358095978,0.565658565538544,0.509429265035524,16.1311063837983,1e+06,100,50,500,1e+05,0.0236116869242586,4.13450234693048e-06,16183.9456384793,0.200407838582926,466.871824941166,0.105180392291581,29.8698726783803,0.099247546186934,5.14086961666591,945.705071891171,2.86283669891619,24.2525928414167,0.148528524051185,0.058357871194332,0.0736583982183616,0.678529344063774,7.19983974317527,50,0.000873064627662087,0.00416195411419115,0.356705210603398,0.0272087830935543,5.43216846509888,0.067250087371728,0.0242843104368499,0.0200343916439718,326.434495660029,0.00477345789838172,0.044352820670017,0.368126335717678,0.115666406318253,0.490553091848349,24969.3278979221,0.115462977747329,0.00265483567170988,216253.974954321,0.744706367418633,0.206175537508652,0.0806320110308637,0.181985294382489,0.710265622797471,0.151216157062259,0.039228477395704,0.124910484286408,0.365678209447027,75.4502797045945,4.22637694157187,3.81592147292826,90,0.000679095541985845,0.0485853437281934,2.1113385555,33.343084904796,32.9082115496619,184.59455664494,3.10575226159154,1.11733837157175,0.706081885946013,7.37015663886398,2.16448515023502,0.530903974679795,0.433701422403584,2.30354397416384,0.0723494323105882,1,1,1,25.0492374582794,116.475646191412,174.41258117582,58.5959093155854,424.645428730939,0.072113187352296,0.0303724727183102,0.0563863608484769,0.557667392630046,193.801970161333,342.490189828422,1606.97270225992
1e+06,0,1061.60913789315,9.40697461852387e-08,112.147670070098,2.94639603815589,0.480641482201386,2.63624736833632,0.168481565743776,1.33489403418047,6.82238104256403,4.7802038939788,69867.1216398495,2.59246362115562,0.839443810350261,33.69203036269,0.226951141293297,142153.361292308,0.183701773022058,87.8222053946433,0.454896393821082,0.311747665136058,4.29661135443492,2.50751054905589,0.742168331027116,1.21246672964617,245.266972896958,3.61998646931151,0.465379440441187,71.1377303621287,0.765078731418366,0.742594358167706,13.1124675631701,1e+06,100,50,500,1e+05,0.0327101557625028,4.93773928021792e-06,9555.41089802154,0.119391178132754,572.67669120997,0.131751425661703,41.8534398829358,0.110300685744393,2.08265058601743,827.776478169689,1.31849844132435,27.6029895254287,0.172116311131064,0.0276987566856961,0.0778069452706895,1.30182460844111,5.8079825700299,50,0.000484731854993219,0.00439931239656381,0.508757622238269,0.0205000190089612,8.17565174321656,0.0357129316007866,0.0537167086702642,0.027091135347204,639.537688214478,0.00588600735803581,0.044378102651469,0.935332386698281,0.126706458933683,0.571661282403065,21930.870496012,0.101527848203319,0.00108265085720696,216008.424132987,0.382991985491329,0.270991163059018,0.0757336307945579,0.124100384580585,1.5021881730229,0.268892817941432,0.0695229597665053,0.342955333028312,0.997388697967628,51.2563717578724,4.20918775177998,2.85135554126644,90,0.00204658186777809,0.0266873344990043,5.55712120303758,36.7812266439524,33.841694722607,167.894379760983,2.81461252909268,2.2006704246952,0.520839882341888,6.13883382644725,1.18292019311675,0.671896815845624,0.518902435385866,1.31804030223668,0.129480827598088,1,1,1,24.4942659060148,123.926714788239,288.066275478401,135.323889322774,426.83188952155,0.106004149923189,0.0242698978799365,0.0763538631454444,0.342179801780931,211.787514037688,212.111477241412,520.999943022054
1e+06,0,1712.93553484985,8.12485181676779e-08,85.9760680424373,3.10609933820399,0.175156570677762,6.07889287795779,0.368420853163577,0.900405379435536,9.59274671510823,8.77802936369594,66457.0378976662,3.35608854508629,1.06150919030728,70.6446694567984,0.454236802818394,167440.393651781,0.262698515330052,44.5498170145871,0.497820105525595,0.287340218682305,5.38098453537888,0.719307279788596,2.2635458076722,1.0792795906974,176.531676259538,6.28790974788143,0.228163606170409,107.152784543266,0.968135668842202,0.869213792947169,42.9984103696814,1e+06,100,50,500,1e+05,0.0338571458861456,6.10481665181711e-06,9143.19466190629,0.202423026641527,751.440595049969,0.0759058454543027,90.3548404046538,0.0864220877088142,11.9728706859959,981.969035216455,3.68596702074335,16.8274876837406,0.188534100466687,0.0227916014667441,0.0590780712534314,1.38699148524351,3.2923048296324,50,0.000755519969180545,0.00748571373856852,0.3740234152613,0.0373512214749183,3.87619669090945,0.03028627750943,0.0501082194758281,0.0244377749166479,518.216372081367,0.0045166485912619,0.0827145318907141,0.536431919139984,0.1574093895865,0.521712674291128,23990.9006366415,0.0960723181176495,0.00278621888575644,249717.099646356,0.729484807261741,0.0829970201386771,0.0775300733671775,0.148038639729994,0.362899149566216,0.132540403854763,0.108092929746922,0.196214081377131,0.642966650570386,84.7208605351974,5.18205218085737,5.39899084808139,90,0.000746051314615293,0.0290346040585785,3.77054046201853,33.481803363247,34.300375610803,218.945825849778,1.01337631982618,1.76296575785626,0.463697476586585,9.06427105433068,3.51549505851897,1.84949816228521,1.17205012333304,0.78516401022353,0.24081147297459,1,1,1,29.1724262027575,78.1527580019687,377.194881847031,43.7901428971217,450.283625409378,0.0857158319131182,0.0119306255850903,0.0852407200007781,0.472749677104569,132.620102677774,243.422509706992,1267.74597687177
1e+06,0,905.039110153189,9.61960101508342e-08,68.4880346317164,2.77481027081,0.310647221147094,9.00991706649782,0.633577745642965,1.82372754085223,17.0034247797565,3.29520119598378,84429.6699240414,4.77997287541539,2.83585892350775,38.9111243971123,0.467949449082391,112064.999644969,0.113815719004097,100.258877023107,1.02839024042106,0.501866907216178,2.94043294759727,1.77516233651727,1.62650664889581,0.416671616527728,311.230298595554,4.37879301665099,0.198725527422996,88.2993663390988,0.952182974268688,0.945732045795538,52.8000094698212,1e+06,100,50,500,1e+05,0.0355399251621278,3.31116306626688e-06,13051.3273832446,0.269414412456797,597.179199936329,0.106689461384738,55.4492296660276,0.0624171582220951,4.2360143210404,728.573022618655,2.24780949077612,19.0095130666062,0.126499790309823,0.0243603070231775,0.0808505310156142,3.78706564260201,2.57486327291493,50,0.000829560370925051,0.00609400397548945,0.647534728601597,0.0251680330485539,10.5394387344759,0.0216009139342554,0.0239416372003972,0.0141875066451692,531.202414522713,0.00529117738507478,0.0728373964004033,0.712163013610787,0.0927897416652959,0.881269016425954,27506.5916664925,0.0887850854454693,0.003436230374519,309810.94998649,0.710226403876317,0.120075959746185,0.044239865184586,0.136024973671747,0.56454698617462,0.159472738937159,0.0506647688725048,0.196816349722461,0.890553248668789,47.5093686246284,5.46186506228112,3.23911845206593,90,0.000809350452700297,0.0384695997473462,5.06221448446705,39.2191509695278,31.0446056795757,194.871584290297,3.55219658447429,1.90079663191104,0.638120842807431,10.5489923092882,3.25645077112282,0.78254936682591,0.393433657912515,0.987918076577024,0.109164486340356,1,1,1,22.4814998876101,134.865182256823,340.689311957778,74.1995270171155,534.10955286495,0.133884749127026,0.0205007281851007,0.0346219310530055,0.350213812871336,254.730802269,407.056206131556,958.58052575137
1e+06,0,1583.06856990591,1.4196700774281e-07,56.1778884419495,3.1781335172859,0.230370561369578,5.07246882114255,0.73271310725914,2.26015453867886,9.08714778934975,2.72771843851871,33886.2777467034,2.55803326386526,0.395336408959969,98.1352396451428,0.257521318704854,189115.972353062,0.126227048761995,37.120708209085,0.689755215879055,0.333362826948373,3.36209324113316,2.82931596180415,1.60845401621718,0.812307979960229,92.9834664439105,4.33991905035804,1.29185952086901,101.091431741708,0.59209693754951,0.88184325027653,50.521363570449,1e+06,100,50,500,1e+05,0.0268689808717079,3.56352929825508e-06,9848.91474065176,0.144304392782993,896.639425626522,0.12388371273198,41.0307953903655,0.109322630907818,5.73025073292868,796.710710463795,1.78419759556991,22.9448141874522,0.239025319085567,0.0445599491619462,0.098725071197796,3.71465245675275,3.19732689961736,50,0.00106442383966805,0.0114641627228429,0.212875743863972,0.0242657974627361,3.1375899738176,0.0156063558548789,0.0353511221333015,0.0131350359705207,294.676939945657,0.00263543861932152,0.0441177690042107,0.499471985324091,0.157054948774557,0.524454334380142,29910.2972754068,0.0945795700121946,0.00418597352307695,316244.800769873,1.05488292662311,0.309402572243366,0.0519276483568988,0.406172105999023,1.45604112535232,0.310187910030841,0.0882081051701375,0.123435752354135,1.410754388232,33.1084467865647,7.38187030825844,4.34975808211055,90,0.00112804920255509,0.0540856234643639,2.44568586679873,33.676219567346,26.9016336061203,222.400580166429,3.55542608736596,1.44474189697275,0.716205116274282,7.68824628193968,2.6741123309023,0.662167081430497,0.379999417689417,1.20438135613583,0.202407741647223,1,1,1,18.2472784419022,77.8424314523444,344.510966373845,69.19833936074,473.390582079698,0.105630298737471,0.0225998662618917,0.034555058386028,0.243251634782821,254.728037880755,401.632776797604,1254.01356076904
1e+06,0,1145.32750110321,1.15472935340652e-07,98.4629210098527,3.14664879815211,0.188806684222723,6.25931133325342,1.08478917936193,2.64418809118244,14.7255800496173,6.6327819508938,91221.4279901634,4.01494295038026,0.816379191750629,120.576500381615,0.192492526800243,189609.816607394,0.203696629557251,54.8186102653127,0.449099732079318,0.14242198492666,5.02583904202647,1.63671088871684,1.17298473617915,0.344770042676138,145.914692864456,5.45575648660349,0.580215513599779,132.403658988186,0.627759306345988,2.70836947724101,17.0690641855118,1e+06,100,50,500,1e+05,0.0179093812552218,9.03501844266295e-06,9725.58916399816,0.0818956922534767,813.272104417736,0.115384428581243,75.5617760447334,0.141602484229333,6.64024826852442,955.51919301027,1.58646407420748,22.3887940508871,0.118699830366301,0.0425698684355223,0.111022986011203,3.51466422955385,3.2699468077237,50,0.00101479900549952,0.00826799547313415,1.06354582542172,0.0205729874447194,4.47848036143579,0.0552618070612864,0.0418784010807399,0.0148358749303846,476.443364665854,0.00256910568343839,0.0412888762520906,0.495320415470074,0.0748388672123004,0.706593191254881,25311.8670646837,0.0871670181935772,0.00110896982631683,290383.537136398,1.00587539936586,0.146876093474297,0.0482179482950612,0.280529011193809,0.488061324505178,0.36736209604332,0.0492948357523984,0.133308182855024,0.486869191396578,22.0338608180528,10.3118466585624,4.42934846263734,90,0.000972380147128672,0.0310567737389501,3.05621829212457,37.5445863866844,29.5735394230718,202.28942967643,4.43335824606112,0.852195822422241,1.00962945289824,6.71645350372591,1.39734845815341,1.32330836836757,0.457903858670059,0.687582928404618,0.0775381206715369,1,1,1,24.3883897166539,109.80437629212,225.010540950285,84.6336172307613,758.63637834293,0.110896382962982,0.0234851124089214,0.0409534510110621,0.227368921042084,426.864669936577,645.20510703786,3813.38065291484
1e+06,0,1620.71058354058,6.47586802785468e-08,75.63164019188,3.20347627714991,0.26493605766217,3.45340185315053,1.05091099499535,0.999671786212904,11.8758050402589,3.70759553841813,236747.551311561,4.2842502570984,0.641179003375161,13.667366959178,0.241390523649647,125629.63105825,0.172542926319616,32.8711846623854,0.66342796723779,0.166292517132661,2.73097936763502,3.07112457998807,1.36251320609914,0.658411108912131,298.950420848529,5.07495395872398,0.786341934989516,185.747154020515,0.330116860601829,1.32008093609314,43.9583528519254,1e+06,100,50,500,1e+05,0.0225982153233389,6.78792111502854e-06,13160.9518819162,0.15732122740877,571.335753674642,0.115885534058445,89.7193935919633,0.129780483966025,6.47885171857971,889.248422833814,3.68159788674947,17.2162403158595,0.139325784865263,0.045643365755919,0.0888395808485855,1.52198356010756,3.37276838083796,50,0.00208059640005105,0.00620193344859889,0.824844404890543,0.0370170978466646,8.88865246872941,0.0265455423883928,0.0480227507612198,0.0146586902974261,458.170469679365,0.00227937039596669,0.0576240161153249,0.711508146919043,0.127127149334178,0.860342534538117,24847.5573300018,0.0819614408507453,0.00147155113217408,303161.548553668,0.217218311667412,0.118898669089624,0.0718587239484028,0.138541778001507,0.460058884348871,0.149214245597276,0.0865616307228322,0.23987832913143,0.965073420723686,29.8926488159248,4.19246614625613,5.39375375172833,90,0.00132287398952069,0.0536215978039956,4.65372147168221,33.4199563018145,30.9805705591582,205.631688060974,2.13778114258086,1.3174551195433,0.563720104673539,9.46594077377164,1.93011204602148,1.11406093408655,0.595375996333396,1.1441815772288,0.0984044339606583,1,1,1,34.1710713668648,117.091979093927,233.820496831614,109.474941852673,269.026750855261,0.182484654952003,0.0224104605461902,0.0580079825535066,0.248176157894299,379.202439760888,396.458867335198,1153.64159759382
1e+06,0,1179.88812951936,5.64155667036365e-08,76.8479131071242,3.02135164728374,0.132424086737478,6.5261225350238,0.412237351549376,2.1032694905844,5.32397294264333,8.3927320822667,86024.02669984,4.05065875673791,0.363578200680325,116.806704999511,0.397058135306915,115948.864689937,0.150860959545934,43.0045756458839,0.803524883833535,0.182694384953222,2.46609727326805,3.12429677534867,1.15666683372186,0.688685500097856,401.704147629583,4.87137976853028,0.402800862277273,155.442315527626,0.650014862738234,0.434526283447953,20.125192169334,1e+06,100,50,500,1e+05,0.0351297376534339,7.41517639097864e-06,5697.31220717243,0.227642555963635,427.446181469501,0.144085741602633,138.646753077039,0.0622770587567875,7.17067553111569,1335.70934721293,1.96532841403455,20.5829139076783,0.146439949799649,0.0233923145127652,0.11058984306259,1.71465117246793,4.19531083075285,50,0.00133944765895752,0.00777011304084068,0.488605261579364,0.0265715823327499,4.78381921069246,0.0493698955594413,0.0295037930860032,0.0121668196745011,311.572294901755,0.00572260281243199,0.0456803711036553,0.172389386328848,0.129627644237242,0.586199159527382,24733.0776919018,0.105399547306806,0.00227840634978499,234660.189003532,0.540094492912671,0.12752580395361,0.0230995195703395,0.127495675484202,0.554568009071251,0.298784453020284,0.107690504067237,0.0845700072899406,0.767168929340712,53.6841899470026,2.94866146441072,4.40281553053374,90,0.000598554402827041,0.0677675254116683,2.78731312561434,42.2692092039727,30.4454652410947,169.88216815993,1.88744987155195,1.65154795060868,0.815805778888881,6.69005065543497,1.99435587132004,1.0417544944956,0.988532656181387,0.93360311072845,0.150656722476663,1,1,1,24.760151231327,69.594001348606,315.298292998781,82.0903946116692,515.658814863916,0.104567050156873,0.0287376483993015,0.0603148837145778,0.347733021150033,167.30112783886,542.914821857766,3604.20636336719
1e+06,0,1479.44756822264,8.48766929790129e-08,68.6499385120806,3.49252293230215,0.395788221112534,4.02974463048757,0.431260266770765,0.732432590064299,15.4249045435997,8.24896805358751,102271.521281419,3.87741992988362,1.31180239834052,50.7253365339091,0.188652536755068,39372.970081792,0.198450845980675,16.1726672378412,0.53391826324746,0.188616187813368,1.92014159271921,2.09076063941142,1.0916244980191,1.17592836920514,301.006393676614,5.23163498654898,0.526325872323215,189.727156658516,0.647861475533649,0.714328582461815,41.5835565264363,1e+06,100,50,500,1e+05,0.0316945588116873,6.63483504610431e-06,4814.41333656524,0.199076168780163,394.35822941812,0.114027698266251,77.6603134621384,0.122835615925013,3.53264940745556,1308.57273374021,3.42486344119467,26.9090609397287,0.0885320401582842,0.0758247413040804,0.109279847506046,2.32772427665877,4.44607106140018,50,0.00212496102304657,0.00730246886331832,0.330175662678421,0.054774364001095,10.5996700606709,0.0399399126483981,0.0441693683339857,0.021802175469621,512.485658251267,0.00169018353439581,0.0339231166046119,0.579312567051552,0.054403668830697,0.340891285088877,20863.9555463424,0.104433004616212,0.00126240201951207,199783.158810922,0.537180489558424,0.152165790252536,0.0483609884131077,0.111171669650192,1.01417101657531,0.193274320091489,0.083985339016329,0.438382136767146,0.292012557365385,69.5485381087465,8.52313701780576,5.47182225381077,90,0.00095248630801374,0.0458607184698049,3.58574118700356,38.4437705158599,28.8899237927608,201.90859220174,2.34351661049073,1.6185367155146,0.602904891380359,11.9248891876289,0.920930514257488,0.931729810284557,0.492397013625374,1.87161346159194,0.0667263965363681,1,1,1,35.075393406454,116.845858190781,229.458623970591,45.4933472043115,306.078418963029,0.10563665256743,0.0172041518855984,0.0539020442230633,0.60126924082854,113.276353030719,327.54411562195,1962.65727252136
1e+06,0,997.537311030731,1.02069521980795e-07,79.8513047457512,3.02484903046219,0.332062366505912,2.92120462306199,0.900496324455992,2.40608524043193,6.62434766573315,3.82850486222973,99545.3044025264,4.14162793272852,0.495969506047504,49.0928592340824,0.193285925915229,105770.555480737,0.192974307813543,45.1648106121354,0.606807704849992,0.0968511278350935,2.59923840179128,7.43529074115313,1.577062708907,0.670160613582512,233.192563143446,5.02203675752155,0.863706809849724,94.5229188624906,0.766947945999784,1.0033951679842,42.3792634097357,1e+06,100,50,500,1e+05,0.027001900560317,6.64085686282975e-06,10615.8637753584,0.085856451192252,580.207885777034,0.119577441126192,34.9061166231822,0.131623624861375,4.86863296029821,1102.73488874177,3.40020574077057,18.1481633699861,0.140679103621316,0.0211041235291415,0.0808543052491257,2.81946170083686,4.69285958452264,50,0.00177185873654137,0.00427719411298429,0.27335933206656,0.033355922353092,2.3611834919359,0.0291086403329746,0.04152312328789,0.0317775950939676,464.274097370774,0.00842724973249187,0.124966085902984,0.745560062402081,0.093995956199669,0.422644593804366,23269.666518475,0.107990672094003,0.00226302591569754,215478.485940151,0.297739012712255,0.426422238077921,0.0592927465190596,0.215590465220847,1.19010762090062,0.111302268766619,0.140565714815736,0.237896077471933,0.252637449652518,51.5657155193191,3.25123332586575,4.57658252965033,90,0.000610057431525117,0.0612219231046853,4.83212297924588,31.5877168059439,31.244110833626,204.087014065406,2.44862284523977,1.27387912872749,0.684618396011912,7.00855370346876,0.463442218196379,0.944492042452773,0.449585663256217,0.793717998505681,0.0419022547446642,1,1,1,26.4960721636849,89.5527766082534,308.857249323746,52.3631849071113,335.522702230557,0.150640393283807,0.0207164748948806,0.0503574493737241,0.220428811601853,221.903250783739,707.324705515026,1181.45643556193
1e+06,0,1244.63630916222,9.72982305873261e-08,82.5230665705108,3.02595277969148,0.904037984655744,5.69321080098649,0.751829701354458,2.271584021211,10.5649332779341,3.50629657251341,143079.63654076,3.69199314746859,1.17920214907727,63.5473411660795,0.262686325908467,86790.9085174371,0.367412108510906,60.0859452758855,0.698988364083414,0.228453306270174,2.47912788704701,6.99673295857353,1.12903660413668,0.669484117016219,172.499327984959,3.45911123072125,0.158934434349447,152.270366317794,0.525653415756158,2.12827633026184,36.0206757038386,1e+06,100,50,500,1e+05,0.0534234499399959,8.65101341343005e-06,15086.3516325812,0.148436122840833,360.621238843907,0.193267714992072,24.3990621719784,0.137187278317442,5.78854685603444,860.204316043115,3.31079743525854,17.797519343791,0.14479195514816,0.0401244322615315,0.111639516018745,2.39711490881241,2.45227553570298,50,0.00136561489625328,0.00830458543409546,0.354536902706217,0.0332265508799297,4.632549273953,0.0615881165712646,0.0259975543915423,0.0218490503665366,482.294429921971,0.00578403186662783,0.0717137502377906,0.838965756225529,0.134024083221779,0.450401752981532,20480.3920154048,0.0818310758222928,0.0010712582895567,250276.460496264,0.285446034935018,0.115162395542645,0.0566640980813427,0.206946834048343,0.944062246525891,0.179601126308847,0.0989746460221494,0.683571208873515,0.615411594137666,44.7306491447154,2.38096315914496,7.373185237994,90,0.00115560321173977,0.0939249096706657,6.40574989790618,31.3535938868775,27.6276760821844,182.905727958451,0.752854522167938,0.796897441409563,0.657439576098626,12.1395893208712,1.18613937379922,1.01713537667967,0.401634462240857,1.28186797817052,0.137322978777056,1,1,1,28.9031168296955,67.0688634708046,170.134901495997,75.2335221462574,266.738100211216,0.229779407183094,0.0223584306881366,0.0575726256400594,0.42943162866144,488.342008308796,1008.05054558862,905.173958330993
1e+06,0,810.928702243445,1.58074295740822e-07,130.961157510317,2.78602239560147,0.316863850258752,5.16249780691892,0.297282135329029,1.73699142282196,4.09354210673492,7.28709903855494,116996.464858652,4.06434173872998,0.35005404166665,34.4412134929208,0.337524883294698,129684.406861518,0.102994231451263,57.4551995689552,1.30456311404903,0.158720924167406,3.58379866754229,3.27193502519679,1.25188174110578,1.47660286061001,150.094013326076,4.97431342498705,0.272920388033797,115.245155894113,0.655093831477536,0.98894342750861,24.056319385413,1e+06,100,50,500,1e+05,0.0338582145381302,9.51358957162965e-06,6972.35210123721,0.244865506071236,285.152722580702,0.0462866228120101,43.7881637237014,0.0864520170660249,12.6167133979885,800.38379962837,1.14470428599971,18.3547907332397,0.169936307491719,0.03449972085971,0.132718988683035,1.37099825403971,4.43959970684784,50,0.000730097377180278,0.0102336123351231,0.283304386693995,0.031197703052646,3.64548994618859,0.0246702128530459,0.0500910442433559,0.0105884145694106,609.111840429876,0.00299422811611026,0.0610102665826273,0.494642840990205,0.0957276152492094,0.70394422668863,26582.2801773655,0.0992293177737614,0.00178767758119629,267887.362059386,0.391025730296667,0.256014919503265,0.0373313848568926,0.212187212873641,0.468909029327304,0.16215155351328,0.0336771852295371,0.225969232300522,0.299699916543534,23.9715530584015,8.44540181474027,9.34815382026374,90,0.000480965972637132,0.0604060780818008,2.53717725494924,37.0837956639278,34.0890835623012,190.185349795184,1.82401082720635,1.32286372577742,0.601302755295804,7.09702353794211,1.64677512855394,1.11006257075139,0.753261786769874,1.19992236441099,0.200530027317038,1,1,1,31.6475315290098,101.033988281822,426.01875525791,64.4616407006593,477.512677103783,0.16785262267821,0.0177179265552677,0.0891868169652276,0.202347096374513,160.21573188105,346.051224015722,2109.0663080013
1e+06,0,983.169289494449,8.11603713200403e-08,102.70148194248,2.89350793858896,0.353116015098834,2.79102353514773,0.669370185046252,1.69286959519814,20.185134354065,4.38126426807527,74147.4606100189,3.12967329217861,0.389008245556753,68.559812958504,0.444263840589024,159929.417151547,0.0943732945877067,124.637398163157,0.839263166741433,0.11273542596667,3.95136965148432,1.44938510023811,2.0035634069963,1.23887369078942,208.221871437752,8.6246838511511,0.2433673023695,60.6522444478872,0.289304070952286,1.66140107372861,39.2938015448939,1e+06,100,50,500,1e+05,0.0146904972919429,6.73649999476477e-06,9349.42632258304,0.0506910919902233,786.776956541488,0.0908793653471103,72.4189160004048,0.100125589534169,5.54657703858149,938.650890963664,3.57926981837674,22.4238219503782,0.152741086064111,0.0495598402384144,0.127129777539977,3.42369855801184,4.86899364961152,50,0.0013931341856498,0.00421981443666284,0.160186955855161,0.0411955915319464,7.36486514493377,0.0501636091144479,0.0477496084694596,0.0504996650091763,385.273299169051,0.00535982754486796,0.0465103066749776,0.451930681397617,0.0566366507464933,0.597335461395293,25230.6268008201,0.103288452267519,0.00172189431176797,244273.452132599,0.268266423555514,0.194877259167299,0.050775939864269,0.286660106908837,1.13368000554047,0.199022066667685,0.0582169507068272,0.223153911541932,0.877521421237273,76.8431562423327,4.09817324075925,6.22088292178589,90,0.000510924563712263,0.0574368525880957,3.90027282762993,36.168262278161,29.729071293795,231.155348249946,2.95642919864901,1.77481732189705,0.611580487291866,4.95927979262952,0.752339665733485,0.696459456651534,0.416007048781745,1.08959636293644,0.0564834851043456,1,1,1,44.8254936128932,137.740832998595,272.947671238932,69.4719618942486,465.145366375918,0.11971320416853,0.0177883598024307,0.0689519075681886,0.86956993135683,415.947976346953,784.172675706187,1483.53939175454
1e+06,0,523.634335524923,7.62555059050811e-08,69.304756256906,2.93419348249367,0.180431414865746,5.56754904584553,0.520147441825204,1.70415080364332,5.16080508334226,5.43822545498433,144760.474347735,4.5227409097137,0.603664875712589,50.0267234355503,0.234839000384272,52076.3551263606,0.176727371223552,38.9829898956472,0.451465558238717,0.194564887290204,2.96150331648119,3.48078380243412,1.13010067096481,0.952287756400615,295.43533200882,5.61705179605505,0.998810973971788,101.693600959526,0.395091421688221,1.19843975154915,16.3630404609346,1e+06,100,50,500,1e+05,0.0277830167868053,2.74358922297188e-06,13407.3075647954,0.145677810536511,902.070279152734,0.126107044345871,52.0563556639414,0.143761745976595,3.83081638109949,1240.76917013521,4.19221042297719,14.2914014648474,0.12315931874311,0.0353264681429981,0.169418047520539,1.96621152491821,6.22772233377397,50,0.00182930079253376,0.00577138428251444,0.398946633488959,0.0179327389239086,7.97264828659006,0.0701493687750395,0.0272435580781973,0.0166916553578332,699.318759717362,0.005171751040293,0.0859608794943172,0.815042448661527,0.116463321658992,0.24057889049043,21528.8185703181,0.108814263977103,0.00200258581972197,197849.23210847,0.322367620716641,0.231850132836556,0.0349049781928397,0.444461925324668,0.683511414546123,0.113899160191156,0.0831747474243497,0.0917502303500773,0.435724555538694,48.5210632040606,5.66893051872301,3.2637421306799,90,0.000536781147768613,0.0563036580196253,3.99817524397806,33.8908987478123,35.6093057331852,177.291102894673,1.00648689143699,4.42320136990669,0.886149796920448,6.53552566653179,1.28294200998834,1.23922428803113,0.537035833207661,0.686595618614458,0.104148738647836,1,1,1,28.7774174341354,81.4188492502149,256.328476950791,43.5559759264325,266.750194602976,0.0792539046087375,0.0183465194586202,0.0480333796667465,0.218765625323917,235.911143206297,439.267473883187,1377.74615430429
1e+06,0,987.489043895178,1.17059568381704e-07,112.265220525034,3.02254467354368,0.297297323058839,2.65473488659718,0.450957669158633,1.39173491606534,9.0359583963312,3.53611750615566,96962.2949322201,5.08116768959002,0.460286712364157,61.6176118682725,0.212990576950602,230253.451869529,0.20791948454971,22.2527605957139,0.599116371841944,0.116192009058167,2.25406607171212,1.93318026862709,0.878371017656509,1.74777134017073,96.2718539469753,6.66451251140303,0.381978469456629,44.8887373105251,0.329152381724915,0.835059977144491,44.1272533376307,1e+06,100,50,500,1e+05,0.0227174345634813,1.14402500968391e-05,10527.3498384502,0.12018544514891,395.167626547228,0.1761596922619,54.7934480516824,0.213989136156793,1.46050741458953,1155.81094906934,3.50381240016045,27.1606968164143,0.140015540250854,0.0416471364957655,0.0768256311131949,1.31127308082577,2.45708421664748,50,0.00052553441974406,0.00759978267183058,0.298217829220571,0.0313535412062201,6.88241885229259,0.040554349868732,0.0298328976407393,0.0478222723068763,410.049963385228,0.0032747293553214,0.0522462653023083,0.651640742163521,0.0622221099042749,0.448974857276293,25294.5637922452,0.104454956278831,0.007389976238217,242157.621747733,0.315421932881114,0.0783471471910647,0.144960004069923,0.169522494645502,0.634721112673384,0.239229591754992,0.0813378765162765,0.209210649984921,0.354820845743536,34.1286910464808,8.80047944560971,3.74494520716242,90,0.00173448323143834,0.0406636388242689,3.15769417657949,43.1694150245605,34.4527441755871,211.300130773146,1.58544387340592,0.7618046905998,0.929340830291226,9.42001696775689,1.32977945728318,1.05557223328389,0.582550257336209,1.00731305279277,0.115225435979609,1,1,1,28.2102046410244,108.488173679944,227.117836407792,72.2406514538056,352.88865142509,0.222686616196151,0.0181385094392169,0.0751582145990628,0.237314090754455,385.578283077389,137.894287237981,2639.72434354182
1e+06,0,994.938725348585,7.17356228669987e-08,98.0924077314098,2.8843375493332,0.153385864979964,9.40681587997534,1.23188606181934,1.32882829314193,10.9408283394912,2.48549916593749,47113.5003289852,4.09500283216597,0.538748576694629,78.793984494023,0.196891942878361,130765.928883594,0.168116558260094,28.3464745402252,0.729846442229881,0.228955019273766,3.12279011199706,2.8658787801617,0.829818388729656,1.08252101123165,217.409689659993,8.75355213073912,0.437225195858837,88.1853730831289,0.477618737541157,1.78086638017521,34.0045187263881,1e+06,100,50,500,1e+05,0.0410244866729047,5.51862022637735e-06,10959.632977843,0.547785683986514,439.843060047354,0.0543136369354858,61.3327303989351,0.0994719552921691,6.71044782399492,862.355623758323,1.87896028074953,17.7864655692403,0.148694442051377,0.0503583642073691,0.0757041354608618,0.828146014745942,11.5694414035513,50,0.000747538762754537,0.00867304942456339,0.6838124458721,0.026772864531814,6.47070833371335,0.0719797829465331,0.028784737553056,0.0256099576967222,340.424856617322,0.00759646125642395,0.0132234677209476,0.260720177074126,0.0882983290612676,0.736837390774244,27379.1766618291,0.0938491235034566,0.00231400497331751,291736.093420421,0.370509190021442,0.145593946815725,0.056381535410409,0.147346449122271,1.120797222618,0.318498563087817,0.0584454158352217,0.0748912090829687,0.195973668267948,28.0798060824674,6.46790438117472,6.05729583923853,90,0.00103386346213512,0.0251222974909166,3.45595592544007,34.0361305522743,38.0818032418968,173.07012569959,2.788957048576,1.3184816997859,0.734330445624803,7.87188910999929,0.887600145573209,0.854802814124348,0.289565836232463,0.530099411790305,0.110428964198592,1,1,1,44.2352886880549,89.2903005297325,310.158570600934,43.9628884064512,389.479259854126,0.146479527538834,0.0193960584559452,0.0545678509303717,0.178355216714185,90.7921246974328,401.979955522539,1149.490816157
1e+06,0,821.128175520682,1.23503044382105e-07,122.890534340237,2.66899573027623,0.206128831517617,2.56890476522341,0.27228336155183,2.28638828212561,9.13803640058603,6.7298086073906,131712.04655164,3.65205815298859,0.6377741918459,46.7824515707722,0.137086410694714,56653.9956578265,0.202326953687354,46.526064867541,0.752879711929173,0.123586232942225,2.96191120473046,2.39366847601071,3.0419365929671,0.825781099213526,196.835672882816,7.71703641797936,0.397503963948419,150.150289574994,0.847801303587251,0.765218663418283,22.4701822781747,1e+06,100,50,500,1e+05,0.0274419878180575,3.58066924499637e-06,8300.64394125592,0.11603586462753,618.826764274485,0.0560333028625584,40.1926616093311,0.164252455458571,4.26054486685056,933.861637247061,3.26335596637689,20.7727322176402,0.163764622189442,0.0615432179013604,0.11366335691652,2.11719812492095,5.91936595683731,50,0.00349697551585346,0.0119490938897843,0.261463650814989,0.0252075739124393,7.88724834460785,0.0673918377809607,0.0317895560184453,0.00984260334045751,1239.05353428681,0.00669229796275668,0.0805927054086288,0.847934202837391,0.132319530977033,0.573544751143392,25799.8058044591,0.10161264362354,0.00227531505861612,253903.499450753,0.440758403547143,0.18756962746438,0.0352894644118029,0.119315152717273,1.34452624559928,0.155384125625035,0.0406748022078321,0.451912686840991,0.536929788180617,78.3988714172372,3.04073186281027,5.47419805866404,90,0.000910980115437166,0.0522479814901813,4.08702196900916,34.8469442627751,28.5533027978964,216.130633072483,2.81405444548224,0.844904410117723,0.736015181866774,7.95873226365259,1.51440910615525,0.885410788501695,0.619090432484121,1.21265504532853,0.0714765465135561,1,1,1,34.4157536780074,75.2661468849376,287.433200781914,61.0962536834822,266.769509377884,0.15215497805117,0.0167467188808313,0.0744870752887359,0.258529614934452,299.647815300616,274.690926410399,3889.85756015693
1e+06,0,1023.10558881669,7.84754408344881e-08,73.2018121807086,3.32415485034314,0.115002975774155,5.58136381406862,0.784646248540146,1.87190673194023,13.6589147132247,4.32088497382966,45367.6693071361,3.28787618104004,0.66773263214448,28.7045152083186,0.672337864190136,38573.4836271368,0.173883069278089,29.717139591826,0.521171921939245,0.304576752056197,4.6715529762134,1.74808965184593,2.09257756265336,1.13826906618283,269.819274575973,5.96189398872336,0.449435450047762,120.475009408904,0.64781377656624,1.20770589358281,32.5366284587318,1e+06,100,50,500,1e+05,0.0297972642688815,5.17109746105878e-06,12970.639467743,0.285427936786289,772.141075305827,0.109213213507881,53.4178173120726,0.066767535802654,7.79891940120363,1155.44882921027,4.99980072135206,18.7922025451718,0.165768187120603,0.0508307270296662,0.124881416071348,2.33781044596295,8.42633877050728,50,0.0012649321428538,0.00401902325655981,0.0901062855922732,0.041146669908522,11.3636983164208,0.0491329319204216,0.0269580293602279,0.0175741547538751,672.340187258284,0.0026811350611952,0.0911401918719184,0.80539478225415,0.0752352677850798,0.490716398471722,25982.5059391451,0.105982880690714,0.00179348304773472,245157.574221528,0.358729629325151,0.18481602320507,0.0387394983928977,0.072130850838965,0.469665588730814,0.181119746735093,0.0416423677945855,0.264637922530249,0.361073493790724,37.6543529609405,3.7535527014117,3.41398409313354,90,0.000586930027493938,0.0662418209225642,2.16410508295424,31.4584501804843,28.6404549519417,209.513541207793,1.95410173960872,1.42162696125176,0.867141266102102,7.31720859052366,2.70733297132134,1.05600176062135,0.4139480123266,2.49870691166016,0.0961037903299111,1,1,1,16.7479319136446,45.0155062725165,302.735039748109,74.2187846186412,317.654901216568,0.182502835276972,0.0245959391847241,0.0760247894416089,0.339521308697241,259.544909493508,443.050624255849,891.791248502866
1e+06,0,1012.06131521462,8.1841548991359e-08,76.280182925505,3.19772738545209,0.11859577100037,4.44916561430934,0.214843486671304,3.93107756842033,10.3514691615509,6.22456713870343,107300.677987788,3.42285472503971,0.605806558237896,51.8591473204938,0.205879757667524,73998.4294532023,0.127020545826,84.8855858722878,0.590156598539463,0.213887323496179,2.46009976941003,1.56111775417413,2.14340099898644,1.10109757996316,229.694580247463,5.6018113303821,0.649323776812061,114.178354268091,0.454694197189898,1.1805838455541,32.6647879272909,1e+06,100,50,500,1e+05,0.0342670295121532,3.66225451652008e-06,7139.55046926265,0.188185341948478,414.097796871326,0.174777830207464,80.8809521724505,0.0798802263742579,7.2949720987078,1219.17459946219,2.71148234713201,21.0125918534353,0.136270469721407,0.0832038431828472,0.112429344038448,3.62857789402968,4.09754674740615,50,0.000302171463188798,0.00642750559818433,0.376718453157463,0.0367899967913402,4.41558012367588,0.0283696851658742,0.0358111835696779,0.0453326903334108,386.805935449554,0.00285156254784742,0.0420673331639177,0.5092066662586,0.102321271248293,0.4161612511496,28324.3889387716,0.112760632626963,0.00213576243640304,251190.404655452,1.16359584086759,0.0819332113095924,0.0592011231494301,0.197743836078077,0.27976389144163,0.126179337184507,0.101164508876907,0.11534407566636,0.427236697879636,19.9809170731516,5.09432628501084,8.76755743748034,90,0.000728382924991806,0.025270011172001,4.12212668795132,39.3720605760417,30.4994890523085,233.086191447866,1.65350688565476,1.93661858526551,0.568516499291382,7.6295383539741,0.571452330770301,0.992764335717876,0.57706019584894,1.60842302555225,0.143895635236924,1,1,1,18.635848625751,108.761643992488,293.087166622317,54.0109325340234,453.238471288585,0.143960155269033,0.0134096117302448,0.0334021327398352,0.174280061796926,186.310648143171,460.071093127879,2715.9971054126
